0,<e/>
1,<e/><i id="10"/>
2,<e/><i id="11"/>
3,<e/><i id="12"/>
4,<e/><i id="13"/>
5,<e/><i id="14"/>
6,<e/><i id="15"/>
7,<e/><i id="16"/>
8,<e/><i id="17"/>
9,<e/><i id="18"/>
10,<e/><i id="19"/>
11,<e/><i id="2"/>
12,<e/><i id="21"/>
13,<e/><i id="22"/>
14,<e/><i id="23"/>
15,<e/><i id="24"/>
16,<e/><i id="26"/>
17,<e/><i id="27"/>
18,<e/><i id="28"/>
19,<e/><i id="3"/>
20,<e/><i id="31"/>
21,<e/><i id="32"/>
22,<e/><i id="33"/>
23,<e/><i id="36"/>
24,<e/><i id="4"/>
25,<e/><i id="40"/>
26,<e/><i id="43"/>
27,<e/><i id="47"/>
28,<e/><i id="5"/>
29,<e/><i id="6"/>
30,<e/><i id="7"/>
31,<e/><i id="8"/>
32,<e/><i id="9"/>
33,<f/>
34,<i id="10"/><e/>
35,<i id="11"/><e/>
36,<i id="12"/><e/>
37,<i id="13"/><e/>
38,<i id="14"/><e/>
39,<i id="15"/><e/>
40,<i id="16"/><e/>
41,<i id="17"/><e/>
42,<i id="18"/><e/>
43,<i id="19"/><e/>
44,<i id="2"/><e/>
45,<i id="20"/><e/>
46,<i id="21"/><e/>
47,<i id="22"/><e/>
48,<i id="23"/><e/>
49,<i id="24"/><e/>
50,<i id="25"/><e/>
51,<i id="26"/><e/>
52,<i id="27"/><e/>
53,<i id="28"/><e/>
54,<i id="29"/><e/>
55,<i id="3"/><e/>
56,<i id="30"/><e/>
57,<i id="31"/><e/>
58,<i id="32"/><e/>
59,<i id="33"/><e/>
60,<i id="34"/><e/>
61,<i id="35"/><e/>
62,<i id="36"/><e/>
63,<i id="37"/><e/>
64,<i id="38"/><e/>
65,<i id="39"/><e/>
66,<i id="4"/><e/>
67,<i id="40"/><e/>
68,<i id="41"/><e/>
69,<i id="42"/><e/>
70,<i id="43"/><e/>
71,<i id="44"/><e/>
72,<i id="45"/><e/>
73,<i id="46"/><e/>
74,<i id="49"/><e/>
75,<i id="5"/><e/>
76,<i id="52"/><e/>
77,<i id="56"/><e/>
78,<i id="59"/><e/>
79,<i id="6"/><e/>
80,<i id="7"/><e/>
81,<i id="77"/><e/>
82,<i id="8"/><e/>
83,<i id="9"/><e/>
84,<rm id="10"/>
85,<rm id="10"/><rm id="11"/>
86,<rm id="10"/><rm id="11"/><rpnsub id="5"/>
87,<rm id="10"/><rm id="12"/>
88,<rm id="10"/><rm id="13"/>
89,<rm id="10"/><rm id="17"/><rm id="19"/>
90,<rm id="10"/><rm id="3"/>
91,<rm id="10"/><rms id="8"/>
92,<rm id="10"/><rp id="3"/>
93,<rm id="10"/><rp id="8"/>
94,<rm id="10"/><rpnsub id="1"/>
95,<rm id="10"/><rpnsub id="2"/>
96,<rm id="10"/><rpnsub id="3"/>
97,<rm id="10"/><rpnsub id="4"/>
98,<rm id="10"/><rpnsub id="5"/>
99,<rm id="10"/><rpnsub id="6"/>
100,<rm id="10"/><rpnsub id="7"/>
101,<rm id="10"/><rpnsub id="8"/>
102,<rm id="10"/><rps id="3"/>
103,<rm id="10"/><rps id="8"/><rpnrep id="8"/>
104,<rm id="11"/>
105,<rm id="11"/><rm id="12"/>
106,<rm id="11"/><rm id="13"/>
107,<rm id="11"/><rm id="14"/>
108,<rm id="11"/><rm id="14"/><rpnsub id="9"/>
109,<rm id="11"/><rm id="15"/>
110,<rm id="11"/><rm id="17"/>
111,<rm id="11"/><rms id="12"/>
112,<rm id="11"/><rp id="4"/>
113,<rm id="11"/><rpnrep id="5"/>
114,<rm id="11"/><rpnrep id="7"/>
115,<rm id="11"/><rpnrep id="8"/>
116,<rm id="11"/><rpnrep id="9"/>
117,<rm id="11"/><rpnsub id="2"/>
118,<rm id="11"/><rpnsub id="4"/>
119,<rm id="11"/><rpnsub id="5"/>
120,<rm id="11"/><rpnsub id="7"/>
121,<rm id="11"/><rpnsub id="8"/>
122,<rm id="11"/><rpnsub id="9"/>
123,<rm id="12"/>
124,<rm id="12"/><rm id="13"/>
125,<rm id="12"/><rm id="13"/><rpnsub id="1"/>
126,<rm id="12"/><rm id="17"/>
127,<rm id="12"/><rp id="10"/>
128,<rm id="12"/><rp id="5"/><rm id="17"/>
129,<rm id="12"/><rp id="9"/>
130,<rm id="12"/><rpnrep id="10"/>
131,<rm id="12"/><rpnsub id="10"/>
132,<rm id="12"/><rpnsub id="3"/>
133,<rm id="12"/><rpnsub id="7"/>
134,<rm id="12"/><rpnsub id="8"/>
135,<rm id="12"/><rpnsub id="9"/>
136,<rm id="13"/>
137,<rm id="13"/><rm id="14"/>
138,<rm id="13"/><rm id="15"/>
139,<rm id="13"/><rm id="18"/><rpnsub id="9"/>
140,<rm id="13"/><rp id="11"/>
141,<rm id="13"/><rp id="5"/>
142,<rm id="13"/><rp id="9"/>
143,<rm id="13"/><rpnrep id="11"/>
144,<rm id="13"/><rpnsub id="10"/>
145,<rm id="13"/><rpnsub id="11"/>
146,<rm id="13"/><rpnsub id="4"/>
147,<rm id="13"/><rpnsub id="8"/>
148,<rm id="13"/><rpnsub id="9"/>
149,<rm id="14"/>
150,<rm id="14"/><rm id="15"/>
151,<rm id="14"/><rm id="17"/>
152,<rm id="14"/><rms id="13"/>
153,<rm id="14"/><rp id="11"/>
154,<rm id="14"/><rp id="7"/>
155,<rm id="14"/><rp id="8"/>
156,<rm id="14"/><rpnrep id="8"/>
157,<rm id="14"/><rpnsub id="11"/>
158,<rm id="14"/><rpnsub id="12"/>
159,<rm id="14"/><rpnsub id="2"/>
160,<rm id="14"/><rpnsub id="6"/>
161,<rm id="14"/><rps id="13"/><rpnrep id="13"/>
162,<rm id="15"/>
163,<rm id="15"/><rm id="16"/>
164,<rm id="15"/><rm id="16"/><rp id="13"/>
165,<rm id="15"/><rm id="19"/><rpnsub id="12"/>
166,<rm id="15"/><rm id="22"/>
167,<rm id="15"/><rm id="26"/>
168,<rm id="15"/><rp id="10"/>
169,<rm id="15"/><rp id="13"/>
170,<rm id="15"/><rp id="7"/>
171,<rm id="15"/><rpnrep id="11"/>
172,<rm id="15"/><rpnrep id="13"/>
173,<rm id="15"/><rpnsub id="13"/>
174,<rm id="15"/><rpnsub id="9"/>
175,<rm id="16"/>
176,<rm id="16"/><rm id="18"/>
177,<rm id="16"/><rm id="21"/>
178,<rm id="16"/><rp id="12"/>
179,<rm id="16"/><rp id="13"/>
180,<rm id="16"/><rpnsub id="13"/>
181,<rm id="16"/><rpnsub id="6"/>
182,<rm id="16"/><rps id="12"/><rpnrep id="12"/>
183,<rm id="17"/>
184,<rm id="17"/><rm id="18"/>
185,<rm id="17"/><rm id="19"/>
186,<rm id="17"/><rm id="19"/><rpnsub id="10"/>
187,<rm id="17"/><rms id="16"/>
188,<rm id="17"/><rp id="14"/>
189,<rm id="17"/><rpnrep id="14"/>
190,<rm id="17"/><rpnsub id="11"/>
191,<rm id="17"/><rpnsub id="12"/>
192,<rm id="17"/><rpnsub id="15"/>
193,<rm id="17"/><rps id="16"/><rpnrep id="16"/>
194,<rm id="18"/>
195,<rm id="18"/><rm id="21"/>
196,<rm id="18"/><rm id="22"/>
197,<rm id="18"/><rp id="13"/>
198,<rm id="18"/><rp id="9"/>
199,<rm id="18"/><rpnrep id="16"/>
200,<rm id="18"/><rpnsub id="13"/>
201,<rm id="18"/><rpnsub id="16"/>
202,<rm id="18"/><rpnsub id="7"/>
203,<rm id="19"/>
204,<rm id="19"/><rm id="20"/>
205,<rm id="19"/><rm id="21"/>
206,<rm id="19"/><rm id="24"/>
207,<rm id="19"/><rp id="14"/>
208,<rm id="19"/><rpnsub id="10"/>
209,<rm id="19"/><rpnsub id="15"/>
210,<rm id="19"/><rpnsub id="16"/>
211,<rm id="19"/><rpnsub id="17"/>
212,<rm id="19"/><rpnsub id="9"/>
213,<rm id="2"/>
214,<rm id="2"/><rm id="11"/>
215,<rm id="2"/><rm id="3"/>
216,<rm id="2"/><rm id="4"/>
217,<rm id="2"/><rm id="4"/><rm id="10"/>
218,<rm id="2"/><rm id="4"/><rm id="6"/>
219,<rm id="2"/><rm id="4"/><rm id="7"/>
220,<rm id="2"/><rm id="4"/><rm id="8"/>
221,<rm id="2"/><rm id="5"/>
222,<rm id="2"/><rm id="5"/><rm id="6"/>
223,<rm id="2"/><rm id="6"/>
224,<rm id="2"/><rm id="8"/>
225,<rm id="2"/><rm id="8"/><rm id="12"/>
226,<rm id="2"/><rps id="1"/><rpnrep id="1"/>
227,<rm id="20"/>
228,<rm id="20"/><rm id="21"/><rm id="22"/><rpnsub id="18"/>
229,<rm id="20"/><rms id="18"/>
230,<rm id="20"/><rp id="15"/>
231,<rm id="20"/><rpnsub id="18"/>
232,<rm id="20"/><rps id="18"/><rpnrep id="18"/>
233,<rm id="21"/>
234,<rm id="21"/><rm id="22"/>
235,<rm id="21"/><rm id="24"/>
236,<rm id="21"/><rm id="25"/>
237,<rm id="21"/><rms id="25"/>
238,<rm id="21"/><rp id="16"/>
239,<rm id="21"/><rp id="19"/>
240,<rm id="21"/><rpnrep id="18"/>
241,<rm id="21"/><rpnsub id="16"/>
242,<rm id="21"/><rpnsub id="17"/>
243,<rm id="21"/><rpnsub id="18"/>
244,<rm id="21"/><rpnsub id="19"/>
245,<rm id="21"/><rpnsub id="9"/>
246,<rm id="22"/>
247,<rm id="22"/><rm id="23"/>
248,<rm id="22"/><rpnsub id="15"/>
249,<rm id="22"/><rpnsub id="18"/>
250,<rm id="22"/><rpnsub id="20"/>
251,<rm id="22"/><rps id="21"/>
252,<rm id="23"/>
253,<rm id="23"/><rpnsub id="19"/>
254,<rm id="23"/><rpnsub id="21"/>
255,<rm id="24"/>
256,<rm id="24"/><rp id="22"/>
257,<rm id="24"/><rpnrep id="21"/>
258,<rm id="24"/><rpnsub id="19"/>
259,<rm id="24"/><rpnsub id="21"/>
260,<rm id="24"/><rpnsub id="22"/>
261,<rm id="25"/>
262,<rm id="25"/><rm id="26"/>
263,<rm id="25"/><rm id="29"/>
264,<rm id="25"/><rms id="19"/>
265,<rm id="25"/><rms id="23"/>
266,<rm id="25"/><rpnsub id="18"/>
267,<rm id="25"/><rpnsub id="19"/>
268,<rm id="25"/><rpnsub id="21"/>
269,<rm id="25"/><rps id="19"/>
270,<rm id="25"/><rps id="23"/><rpndel id="23"/><rms id="24"/>
271,<rm id="25"/><rps id="24"/><rpnrep id="24"/>
272,<rm id="26"/>
273,<rm id="26"/><rpnsub id="15"/>
274,<rm id="27"/>
275,<rm id="27"/><rm id="28"/>
276,<rm id="27"/><rm id="29"/>
277,<rm id="27"/><rp id="15"/>
278,<rm id="27"/><rp id="24"/>
279,<rm id="27"/><rp id="25"/>
280,<rm id="27"/><rpnsub id="22"/>
281,<rm id="28"/>
282,<rm id="28"/><rm id="30"/>
283,<rm id="28"/><rp id="26"/>
284,<rm id="29"/>
285,<rm id="29"/><rpnrep id="27"/>
286,<rm id="29"/><rpnsub id="25"/>
287,<rm id="3"/>
288,<rm id="3"/><rm id="10"/>
289,<rm id="3"/><rm id="12"/>
290,<rm id="3"/><rm id="4"/>
291,<rm id="3"/><rm id="4"/><rm id="5"/><rpnsub id="1"/>
292,<rm id="3"/><rm id="4"/><rm id="6"/><rm id="8"/><rps id="1"/><rpnrep id="1"/>
293,<rm id="3"/><rm id="4"/><rpnsub id="1"/>
294,<rm id="3"/><rm id="5"/>
295,<rm id="3"/><rm id="6"/>
296,<rm id="3"/><rm id="7"/>
297,<rm id="3"/><rm id="7"/><rpnsub id="1"/>
298,<rm id="3"/><rm id="8"/>
299,<rm id="3"/><rm id="8"/><rm id="9"/>
300,<rm id="3"/><rm id="9"/>
301,<rm id="3"/><rms id="4"/>
302,<rm id="3"/><rp id="1"/>
303,<rm id="3"/><rpnsub id="1"/>
304,<rm id="30"/>
305,<rm id="30"/><rm id="32"/>
306,<rm id="30"/><rpnrep id="28"/>
307,<rm id="30"/><rpnsub id="27"/>
308,<rm id="31"/>
309,<rm id="32"/>
310,<rm id="32"/><rpnsub id="30"/>
311,<rm id="33"/>
312,<rm id="34"/>
313,<rm id="35"/>
314,<rm id="35"/><rpnsub id="33"/>
315,<rm id="36"/>
316,<rm id="36"/><rm id="37"/>
317,<rm id="36"/><rp id="32"/>
318,<rm id="36"/><rpnsub id="34"/>
319,<rm id="37"/>
320,<rm id="38"/>
321,<rm id="39"/>
322,<rm id="4"/>
323,<rm id="4"/><rm id="10"/>
324,<rm id="4"/><rm id="10"/><rpnsub id="2"/>
325,<rm id="4"/><rm id="11"/>
326,<rm id="4"/><rm id="5"/>
327,<rm id="4"/><rm id="5"/><rm id="6"/>
328,<rm id="4"/><rm id="5"/><rm id="6"/><rm id="7"/><rps id="3"/><rpnrep id="3"/>
329,<rm id="4"/><rm id="5"/><rpnsub id="2"/>
330,<rm id="4"/><rm id="6"/>
331,<rm id="4"/><rm id="6"/><rpnrep id="2"/>
332,<rm id="4"/><rm id="7"/>
333,<rm id="4"/><rm id="7"/><rpnrep id="2"/>
334,<rm id="4"/><rm id="7"/><rpnsub id="2"/>
335,<rm id="4"/><rm id="8"/>
336,<rm id="4"/><rm id="8"/><rpnsub id="2"/>
337,<rm id="4"/><rm id="9"/>
338,<rm id="4"/><rm id="9"/><rm id="21"/>
339,<rm id="4"/><rms id="9"/>
340,<rm id="4"/><rp id="1"/>
341,<rm id="4"/><rp id="2"/>
342,<rm id="4"/><rpnrep id="2"/>
343,<rm id="4"/><rpnsub id="1"/>
344,<rm id="4"/><rpnsub id="2"/>
345,<rm id="4"/><rps id="3"/>
346,<rm id="40"/>
347,<rm id="40"/><rms id="39"/>
348,<rm id="40"/><rps id="39"/>
349,<rm id="41"/>
350,<rm id="42"/>
351,<rm id="43"/>
352,<rm id="43"/><rp id="32"/>
353,<rm id="45"/>
354,<rm id="45"/><rp id="43"/>
355,<rm id="46"/>
356,<rm id="47"/>
357,<rm id="48"/>
358,<rm id="48"/><rm id="49"/>
359,<rm id="49"/>
360,<rm id="5"/>
361,<rm id="5"/><rm id="10"/>
362,<rm id="5"/><rm id="11"/>
363,<rm id="5"/><rm id="17"/>
364,<rm id="5"/><rm id="6"/>
365,<rm id="5"/><rm id="6"/><rm id="7"/>
366,<rm id="5"/><rm id="6"/><rpnsub id="1"/>
367,<rm id="5"/><rm id="7"/>
368,<rm id="5"/><rm id="7"/><rm id="9"/>
369,<rm id="5"/><rm id="7"/><rpnsub id="2"/>
370,<rm id="5"/><rm id="8"/>
371,<rm id="5"/><rm id="8"/><rpnsub id="1"/>
372,<rm id="5"/><rm id="9"/>
373,<rm id="5"/><rp id="2"/>
374,<rm id="5"/><rp id="3"/>
375,<rm id="5"/><rpnrep id="2"/>
376,<rm id="5"/><rpnrep id="3"/>
377,<rm id="5"/><rpnsub id="1"/>
378,<rm id="5"/><rpnsub id="2"/>
379,<rm id="5"/><rpnsub id="3"/>
380,<rm id="50"/>
381,<rm id="52"/>
382,<rm id="6"/>
383,<rm id="6"/><rm id="10"/>
384,<rm id="6"/><rm id="10"/><rpnsub id="4"/>
385,<rm id="6"/><rm id="7"/>
386,<rm id="6"/><rm id="7"/><rm id="8"/>
387,<rm id="6"/><rm id="7"/><rpnsub id="4"/>
388,<rm id="6"/><rm id="8"/>
389,<rm id="6"/><rm id="8"/><rp id="1"/>
390,<rm id="6"/><rm id="8"/><rpnsub id="4"/>
391,<rm id="6"/><rm id="9"/>
392,<rm id="6"/><rms id="3"/><rps id="2"/>
393,<rm id="6"/><rp id="2"/>
394,<rm id="6"/><rp id="4"/>
395,<rm id="6"/><rpnrep id="2"/>
396,<rm id="6"/><rpnrep id="3"/>
397,<rm id="6"/><rpnrep id="4"/>
398,<rm id="6"/><rpnsub id="1"/>
399,<rm id="6"/><rpnsub id="2"/>
400,<rm id="6"/><rpnsub id="3"/>
401,<rm id="6"/><rpnsub id="4"/>
402,<rm id="6"/><rps id="3"/><rp id="2"/><rpnsub id="3"/>
403,<rm id="7"/>
404,<rm id="7"/><rm id="10"/>
405,<rm id="7"/><rm id="11"/>
406,<rm id="7"/><rm id="12"/>
407,<rm id="7"/><rm id="8"/>
408,<rm id="7"/><rm id="9"/>
409,<rm id="7"/><rm id="9"/><rp id="4"/>
410,<rm id="7"/><rm id="9"/><rpnsub id="5"/>
411,<rm id="7"/><rms id="5"/>
412,<rm id="7"/><rp id="4"/>
413,<rm id="7"/><rp id="5"/>
414,<rm id="7"/><rpnrep id="4"/>
415,<rm id="7"/><rpnrep id="5"/>
416,<rm id="7"/><rpnsub id="2"/>
417,<rm id="7"/><rpnsub id="3"/>
418,<rm id="7"/><rpnsub id="4"/>
419,<rm id="7"/><rpnsub id="5"/>
420,<rm id="7"/><rps id="5"/>
421,<rm id="7"/><rps id="6"/><rpnrep id="6"/>
422,<rm id="70"/>
423,<rm id="77"/>
424,<rm id="8"/>
425,<rm id="8"/><rm id="10"/>
426,<rm id="8"/><rm id="10"/><rpnsub id="6"/>
427,<rm id="8"/><rm id="11"/>
428,<rm id="8"/><rm id="12"/><rpnsub id="2"/>
429,<rm id="8"/><rm id="14"/>
430,<rm id="8"/><rm id="7"/>
431,<rm id="8"/><rm id="9"/>
432,<rm id="8"/><rm id="9"/><rpnsub id="3"/>
433,<rm id="8"/><rms id="7"/>
434,<rm id="8"/><rp id="1"/>
435,<rm id="8"/><rp id="1"/><rpnrep id="6"/>
436,<rm id="8"/><rp id="3"/>
437,<rm id="8"/><rp id="5"/>
438,<rm id="8"/><rpnrep id="2"/>
439,<rm id="8"/><rpnrep id="3"/>
440,<rm id="8"/><rpnrep id="5"/>
441,<rm id="8"/><rpnrep id="6"/>
442,<rm id="8"/><rpnsub id="2"/>
443,<rm id="8"/><rpnsub id="3"/>
444,<rm id="8"/><rpnsub id="4"/>
445,<rm id="8"/><rpnsub id="5"/>
446,<rm id="8"/><rpnsub id="6"/>
447,<rm id="8"/><rps id="7"/><rpnsub id="7"/>
448,<rm id="9"/>
449,<rm id="9"/><rm id="10"/>
450,<rm id="9"/><rm id="11"/>
451,<rm id="9"/><rm id="12"/>
452,<rm id="9"/><rm id="13"/><rm id="18"/>
453,<rm id="9"/><rm id="15"/>
454,<rm id="9"/><rm id="19"/>
455,<rm id="9"/><rm id="21"/><rpnsub id="4"/>
456,<rm id="9"/><rm id="5"/>
457,<rm id="9"/><rms id="5"/>
458,<rm id="9"/><rp id="4"/>
459,<rm id="9"/><rp id="4"/><rpnsub id="7"/>
460,<rm id="9"/><rp id="5"/>
461,<rm id="9"/><rp id="6"/>
462,<rm id="9"/><rp id="7"/>
463,<rm id="9"/><rpnrep id="4"/>
464,<rm id="9"/><rpnrep id="5"/>
465,<rm id="9"/><rpnrep id="6"/>
466,<rm id="9"/><rpnrep id="7"/>
467,<rm id="9"/><rpnsub id="1"/>
468,<rm id="9"/><rpnsub id="2"/>
469,<rm id="9"/><rpnsub id="3"/>
470,<rm id="9"/><rpnsub id="4"/>
471,<rm id="9"/><rpnsub id="5"/>
472,<rm id="9"/><rpnsub id="6"/>
473,<rm id="9"/><rpnsub id="7"/>
474,<rm id="9"/><rps id="5"/>
475,<rms id="1"/>
476,<rms id="1"/><rms id="10"/>
477,<rms id="1"/><rms id="12"/><rms id="13"/>
478,<rms id="1"/><rms id="2"/>
479,<rms id="1"/><rms id="2"/><rms id="3"/>
480,<rms id="1"/><rms id="2"/><rms id="3"/><rms id="5"/>
481,<rms id="1"/><rms id="2"/><rms id="4"/>
482,<rms id="1"/><rms id="2"/><rms id="5"/>
483,<rms id="1"/><rms id="2"/><rms id="5"/><rms id="7"/>
484,<rms id="1"/><rms id="2"/><rms id="6"/>
485,<rms id="1"/><rms id="2"/><rms id="8"/>
486,<rms id="1"/><rms id="3"/>
487,<rms id="1"/><rms id="3"/><rms id="4"/>
488,<rms id="1"/><rms id="3"/><rms id="4"/><rms id="5"/>
489,<rms id="1"/><rms id="3"/><rms id="5"/><rms id="6"/>
490,<rms id="1"/><rms id="3"/><rms id="6"/>
491,<rms id="1"/><rms id="3"/><rms id="7"/>
492,<rms id="1"/><rms id="4"/>
493,<rms id="1"/><rms id="5"/>
494,<rms id="1"/><rms id="5"/><rms id="6"/>
495,<rms id="1"/><rms id="5"/><rms id="8"/>
496,<rms id="1"/><rms id="6"/>
497,<rms id="1"/><rms id="7"/>
498,<rms id="1"/><rms id="8"/>
499,<rms id="1"/><rms id="9"/>
500,<rms id="10"/>
501,<rms id="10"/><rm id="11"/>
502,<rms id="10"/><rms id="11"/>
503,<rms id="10"/><rms id="11"/><rms id="12"/>
504,<rms id="10"/><rms id="12"/>
505,<rms id="10"/><rms id="13"/>
506,<rms id="10"/><rms id="17"/><rms id="19"/>
507,<rms id="10"/><rms id="19"/>
508,<rms id="10"/><rms id="3"/>
509,<rms id="10"/><rp id="3"/>
510,<rms id="10"/><rp id="7"/>
511,<rms id="10"/><rp id="8"/>
512,<rms id="10"/><rpnsub id="3"/>
513,<rms id="10"/><rps id="7"/>
514,<rms id="10"/><rps id="8"/>
515,<rms id="10"/><rps id="9"/>
516,<rms id="10"/><rps id="9"/><rpndel id="9"/>
517,<rms id="11"/>
518,<rms id="11"/><rm id="13"/>
519,<rms id="11"/><rm id="17"/>
520,<rms id="11"/><rms id="12"/>
521,<rms id="11"/><rms id="12"/><rms id="14"/>
522,<rms id="11"/><rms id="13"/>
523,<rms id="11"/><rms id="13"/><rms id="16"/>
524,<rms id="11"/><rms id="14"/>
525,<rms id="11"/><rms id="15"/>
526,<rms id="11"/><rp id="3"/>
527,<rms id="11"/><rp id="4"/>
528,<rms id="11"/><rp id="5"/>
529,<rms id="11"/><rp id="6"/>
530,<rms id="11"/><rp id="7"/>
531,<rms id="11"/><rp id="8"/>
532,<rms id="11"/><rp id="9"/>
533,<rms id="11"/><rps id="10"/>
534,<rms id="11"/><rps id="10"/><rm id="13"/>
535,<rms id="11"/><rps id="10"/><rpndel id="10"/>
536,<rms id="11"/><rps id="4"/><rpnrep id="4"/>
537,<rms id="11"/><rps id="4"/><rpnsub id="4"/>
538,<rms id="12"/>
539,<rms id="12"/><rm id="13"/>
540,<rms id="12"/><rms id="13"/>
541,<rms id="12"/><rms id="13"/><rms id="14"/>
542,<rms id="12"/><rms id="14"/>
543,<rms id="12"/><rms id="15"/>
544,<rms id="12"/><rms id="15"/><rms id="19"/>
545,<rms id="12"/><rms id="17"/>
546,<rms id="12"/><rp id="10"/>
547,<rms id="12"/><rp id="5"/>
548,<rms id="12"/><rp id="5"/><rm id="17"/>
549,<rms id="12"/><rp id="7"/>
550,<rms id="12"/><rp id="8"/>
551,<rms id="12"/><rp id="9"/>
552,<rms id="12"/><rpnrep id="10"/>
553,<rms id="12"/><rps id="10"/>
554,<rms id="12"/><rps id="11"/>
555,<rms id="12"/><rps id="11"/><rp id="10"/>
556,<rms id="12"/><rps id="11"/><rp id="8"/>
557,<rms id="12"/><rps id="11"/><rpndel id="11"/>
558,<rms id="13"/>
559,<rms id="13"/><rm id="14"/>
560,<rms id="13"/><rms id="14"/>
561,<rms id="13"/><rms id="14"/><rms id="19"/>
562,<rms id="13"/><rms id="14"/><rp id="9"/>
563,<rms id="13"/><rms id="15"/>
564,<rms id="13"/><rms id="16"/>
565,<rms id="13"/><rms id="18"/>
566,<rms id="13"/><rp id="10"/>
567,<rms id="13"/><rp id="2"/>
568,<rms id="13"/><rp id="3"/>
569,<rms id="13"/><rp id="5"/>
570,<rms id="13"/><rp id="6"/>
571,<rms id="13"/><rp id="7"/>
572,<rms id="13"/><rp id="9"/>
573,<rms id="13"/><rps id="11"/>
574,<rms id="13"/><rps id="12"/>
575,<rms id="13"/><rps id="9"/>
576,<rms id="13"/><rps id="9"/><rpndel id="9"/>
577,<rms id="14"/>
578,<rms id="14"/><rms id="15"/>
579,<rms id="14"/><rms id="15"/><rms id="16"/>
580,<rms id="14"/><rms id="15"/><rms id="16"/><rms id="17"/>
581,<rms id="14"/><rms id="15"/><rp id="12"/>
582,<rms id="14"/><rms id="16"/>
583,<rms id="14"/><rms id="17"/>
584,<rms id="14"/><rp id="12"/>
585,<rms id="14"/><rp id="7"/>
586,<rms id="14"/><rp id="8"/>
587,<rms id="14"/><rpnsub id="12"/>
588,<rms id="14"/><rpnsub id="6"/>
589,<rms id="14"/><rps id="11"/>
590,<rms id="14"/><rps id="13"/>
591,<rms id="14"/><rps id="13"/><rpndel id="13"/>
592,<rms id="14"/><rps id="13"/><rpnrep id="13"/>
593,<rms id="14"/><rps id="9"/><rpnrep id="9"/>
594,<rms id="15"/>
595,<rms id="15"/><rm id="16"/>
596,<rms id="15"/><rms id="16"/>
597,<rms id="15"/><rms id="16"/><rps id="13"/>
598,<rms id="15"/><rms id="17"/>
599,<rms id="15"/><rms id="17"/><rms id="18"/>
600,<rms id="15"/><rms id="18"/>
601,<rms id="15"/><rms id="19"/>
602,<rms id="15"/><rms id="22"/><rps id="13"/><rpndel id="13"/>
603,<rms id="15"/><rms id="26"/>
604,<rms id="15"/><rp id="10"/>
605,<rms id="15"/><rp id="12"/><rp id="5"/><rm id="17"/>
606,<rms id="15"/><rp id="6"/>
607,<rms id="15"/><rp id="7"/>
608,<rms id="15"/><rpnsub id="13"/>
609,<rms id="15"/><rps id="13"/>
610,<rms id="15"/><rps id="13"/><rpndel id="13"/>
611,<rms id="15"/><rps id="14"/>
612,<rms id="15"/><rps id="14"/><rpndel id="14"/>
613,<rms id="16"/>
614,<rms id="16"/><rms id="12"/>
615,<rms id="16"/><rms id="17"/>
616,<rms id="16"/><rms id="17"/><rms id="18"/><rps id="15"/>
617,<rms id="16"/><rms id="17"/><rms id="19"/>
618,<rms id="16"/><rms id="18"/>
619,<rms id="16"/><rms id="18"/><rps id="14"/><rpndel id="14"/>
620,<rms id="16"/><rms id="19"/>
621,<rms id="16"/><rms id="21"/>
622,<rms id="16"/><rp id="13"/>
623,<rms id="16"/><rp id="3"/>
624,<rms id="16"/><rp id="9"/><rm id="21"/>
625,<rms id="16"/><rpnsub id="12"/>
626,<rms id="16"/><rps id="12"/>
627,<rms id="16"/><rps id="13"/>
628,<rms id="16"/><rps id="14"/>
629,<rms id="16"/><rps id="14"/><rpnrep id="14"/><rpnsub id="12"/>
630,<rms id="16"/><rps id="15"/>
631,<rms id="17"/>
632,<rms id="17"/><rm id="19"/>
633,<rms id="17"/><rms id="18"/>
634,<rms id="17"/><rms id="19"/>
635,<rms id="17"/><rms id="19"/><rms id="21"/><rps id="16"/>
636,<rms id="17"/><rms id="21"/>
637,<rms id="17"/><rp id="11"/>
638,<rms id="17"/><rp id="14"/>
639,<rms id="17"/><rpnsub id="12"/>
640,<rms id="17"/><rps id="13"/><rpnrep id="13"/>
641,<rms id="17"/><rps id="15"/><rpndel id="15"/>
642,<rms id="17"/><rps id="16"/>
643,<rms id="17"/><rps id="16"/><rm id="19"/>
644,<rms id="17"/><rps id="16"/><rpndel id="16"/>
645,<rms id="18"/>
646,<rms id="18"/><rms id="19"/>
647,<rms id="18"/><rms id="19"/><rms id="20"/>
648,<rms id="18"/><rms id="20"/>
649,<rms id="18"/><rms id="20"/><rms id="21"/><rms id="22"/>
650,<rms id="18"/><rms id="21"/>
651,<rms id="18"/><rms id="22"/>
652,<rms id="18"/><rms id="25"/>
653,<rms id="18"/><rp id="10"/>
654,<rms id="18"/><rp id="13"/>
655,<rms id="18"/><rp id="14"/>
656,<rms id="18"/><rp id="16"/>
657,<rms id="18"/><rps id="17"/>
658,<rms id="18"/><rps id="17"/><rpnrep id="17"/>
659,<rms id="18"/><rps id="9"/>
660,<rms id="19"/>
661,<rms id="19"/><rm id="20"/>
662,<rms id="19"/><rm id="26"/>
663,<rms id="19"/><rms id="20"/>
664,<rms id="19"/><rms id="21"/>
665,<rms id="19"/><rms id="23"/>
666,<rms id="19"/><rms id="24"/>
667,<rms id="19"/><rp id="13"/>
668,<rms id="19"/><rp id="14"/>
669,<rms id="19"/><rp id="16"/>
670,<rms id="19"/><rp id="17"/>
671,<rms id="19"/><rp id="6"/>
672,<rms id="19"/><rps id="14"/><rpndel id="14"/>
673,<rms id="19"/><rps id="18"/>
674,<rms id="2"/>
675,<rms id="2"/><rm id="3"/><rm id="5"/>
676,<rms id="2"/><rms id="1"/>
677,<rms id="2"/><rms id="10"/>
678,<rms id="2"/><rms id="11"/>
679,<rms id="2"/><rms id="14"/>
680,<rms id="2"/><rms id="3"/>
681,<rms id="2"/><rms id="3"/><rms id="4"/>
682,<rms id="2"/><rms id="3"/><rms id="4"/><rms id="5"/>
683,<rms id="2"/><rms id="3"/><rms id="5"/>
684,<rms id="2"/><rms id="3"/><rms id="6"/>
685,<rms id="2"/><rms id="3"/><rms id="7"/>
686,<rms id="2"/><rms id="4"/>
687,<rms id="2"/><rms id="4"/><rms id="10"/>
688,<rms id="2"/><rms id="4"/><rms id="5"/>
689,<rms id="2"/><rms id="4"/><rms id="5"/><rms id="6"/>
690,<rms id="2"/><rms id="4"/><rms id="6"/>
691,<rms id="2"/><rms id="4"/><rms id="7"/>
692,<rms id="2"/><rms id="4"/><rms id="8"/>
693,<rms id="2"/><rms id="5"/>
694,<rms id="2"/><rms id="5"/><rms id="6"/>
695,<rms id="2"/><rms id="6"/>
696,<rms id="2"/><rms id="7"/>
697,<rms id="2"/><rms id="8"/>
698,<rms id="2"/><rms id="8"/><rms id="12"/>
699,<rms id="2"/><rms id="9"/>
700,<rms id="2"/><rps id="1"/>
701,<rms id="2"/><rps id="1"/><rpnrep id="1"/>
702,<rms id="20"/>
703,<rms id="20"/><rms id="21"/>
704,<rms id="20"/><rms id="22"/>
705,<rms id="20"/><rms id="23"/>
706,<rms id="20"/><rp id="18"/>
707,<rms id="20"/><rps id="15"/>
708,<rms id="20"/><rps id="17"/><rpnrep id="17"/>
709,<rms id="20"/><rps id="18"/><rpndel id="18"/>
710,<rms id="20"/><rps id="19"/>
711,<rms id="21"/>
712,<rms id="21"/><rm id="24"/>
713,<rms id="21"/><rms id="22"/>
714,<rms id="21"/><rms id="22"/><rp id="5"/>
715,<rms id="21"/><rms id="22"/><rps id="20"/>
716,<rms id="21"/><rms id="23"/>
717,<rms id="21"/><rms id="24"/>
718,<rms id="21"/><rms id="24"/><rms id="25"/>
719,<rms id="21"/><rp id="17"/>
720,<rms id="21"/><rp id="8"/>
721,<rms id="21"/><rps id="16"/>
722,<rms id="21"/><rps id="19"/>
723,<rms id="22"/>
724,<rms id="22"/><rms id="21"/>
725,<rms id="22"/><rms id="23"/>
726,<rms id="22"/><rms id="24"/>
727,<rms id="22"/><rms id="27"/>
728,<rms id="22"/><rp id="14"/>
729,<rms id="23"/>
730,<rms id="23"/><rms id="24"/>
731,<rms id="23"/><rpnsub id="17"/>
732,<rms id="23"/><rps id="21"/>
733,<rms id="23"/><rps id="22"/>
734,<rms id="24"/>
735,<rms id="24"/><rms id="25"/>
736,<rms id="24"/><rms id="25"/><rms id="27"/>
737,<rms id="24"/><rps id="22"/>
738,<rms id="24"/><rps id="23"/>
739,<rms id="25"/>
740,<rms id="25"/><rms id="26"/>
741,<rms id="25"/><rms id="26"/><rps id="24"/>
742,<rms id="25"/><rms id="29"/>
743,<rms id="25"/><rp id="22"/>
744,<rms id="25"/><rp id="23"/>
745,<rms id="26"/>
746,<rms id="26"/><rms id="27"/>
747,<rms id="26"/><rp id="21"/>
748,<rms id="26"/><rps id="25"/>
749,<rms id="27"/>
750,<rms id="27"/><rms id="28"/>
751,<rms id="27"/><rms id="29"/>
752,<rms id="27"/><rms id="30"/>
753,<rms id="27"/><rp id="15"/>
754,<rms id="27"/><rp id="24"/>
755,<rms id="27"/><rps id="25"/>
756,<rms id="28"/>
757,<rms id="28"/><rms id="29"/>
758,<rms id="28"/><rms id="30"/>
759,<rms id="28"/><rps id="26"/>
760,<rms id="28"/><rps id="27"/>
761,<rms id="29"/>
762,<rms id="29"/><rps id="24"/><rpndel id="24"/>
763,<rms id="3"/>
764,<rms id="3"/><rm id="4"/>
765,<rms id="3"/><rm id="5"/>
766,<rms id="3"/><rm id="6"/>
767,<rms id="3"/><rms id="10"/>
768,<rms id="3"/><rms id="12"/>
769,<rms id="3"/><rms id="4"/>
770,<rms id="3"/><rms id="4"/><rms id="5"/>
771,<rms id="3"/><rms id="4"/><rms id="5"/><rms id="6"/>
772,<rms id="3"/><rms id="4"/><rms id="5"/><rms id="8"/>
773,<rms id="3"/><rms id="4"/><rms id="6"/><rms id="7"/>
774,<rms id="3"/><rms id="4"/><rms id="6"/><rms id="8"/><rms id="1"/>
775,<rms id="3"/><rms id="4"/><rms id="7"/><rms id="10"/>
776,<rms id="3"/><rms id="4"/><rms id="8"/>
777,<rms id="3"/><rms id="4"/><rps id="2"/>
778,<rms id="3"/><rms id="4"/><rps id="2"/><rm id="6"/>
779,<rms id="3"/><rms id="5"/>
780,<rms id="3"/><rms id="5"/><rms id="6"/>
781,<rms id="3"/><rms id="6"/>
782,<rms id="3"/><rms id="7"/>
783,<rms id="3"/><rms id="8"/>
784,<rms id="3"/><rms id="8"/><rms id="9"/>
785,<rms id="3"/><rms id="9"/>
786,<rms id="3"/><rp id="1"/>
787,<rms id="3"/><rps id="1"/>
788,<rms id="3"/><rps id="1"/><rpnrep id="1"/>
789,<rms id="3"/><rps id="2"/>
790,<rms id="3"/><rps id="2"/><rm id="5"/>
791,<rms id="3"/><rps id="2"/><rm id="6"/>
792,<rms id="3"/><rps id="2"/><rpnsub id="2"/>
793,<rms id="30"/>
794,<rms id="30"/><rm id="32"/>
795,<rms id="31"/>
796,<rms id="31"/><rms id="32"/>
797,<rms id="31"/><rms id="32"/><rps id="30"/>
798,<rms id="31"/><rp id="21"/>
799,<rms id="31"/><rp id="26"/>
800,<rms id="31"/><rps id="29"/><rpndel id="29"/>
801,<rms id="32"/>
802,<rms id="32"/><rms id="33"/>
803,<rms id="32"/><rps id="29"/><rpnrep id="29"/>
804,<rms id="32"/><rps id="31"/>
805,<rms id="33"/>
806,<rms id="33"/><rm id="35"/>
807,<rms id="33"/><rms id="34"/>
808,<rms id="33"/><rms id="36"/>
809,<rms id="34"/>
810,<rms id="34"/><rms id="36"/>
811,<rms id="34"/><rps id="29"/><rpndel id="29"/>
812,<rms id="35"/>
813,<rms id="35"/><rps id="33"/><rpnrep id="33"/>
814,<rms id="36"/>
815,<rms id="36"/><rms id="37"/>
816,<rms id="36"/><rp id="32"/>
817,<rms id="36"/><rps id="32"/>
818,<rms id="36"/><rps id="34"/><rpnrep id="34"/>
819,<rms id="37"/>
820,<rms id="38"/>
821,<rms id="38"/><rms id="39"/>
822,<rms id="39"/>
823,<rms id="39"/><rm id="43"/>
824,<rms id="4"/>
825,<rms id="4"/><rm id="10"/><rm id="17"/><rm id="19"/>
826,<rms id="4"/><rm id="13"/>
827,<rms id="4"/><rm id="5"/>
828,<rms id="4"/><rm id="6"/>
829,<rms id="4"/><rm id="9"/>
830,<rms id="4"/><rms id="10"/>
831,<rms id="4"/><rms id="11"/>
832,<rms id="4"/><rms id="3"/>
833,<rms id="4"/><rms id="5"/>
834,<rms id="4"/><rms id="5"/><rms id="6"/>
835,<rms id="4"/><rms id="5"/><rms id="6"/><rms id="7"/><rms id="3"/>
836,<rms id="4"/><rms id="5"/><rps id="3"/>
837,<rms id="4"/><rms id="6"/>
838,<rms id="4"/><rms id="6"/><rms id="10"/>
839,<rms id="4"/><rms id="6"/><rms id="7"/>
840,<rms id="4"/><rms id="6"/><rps id="3"/>
841,<rms id="4"/><rms id="7"/>
842,<rms id="4"/><rms id="8"/>
843,<rms id="4"/><rms id="9"/>
844,<rms id="4"/><rms id="9"/><rms id="21"/>
845,<rms id="4"/><rp id="1"/>
846,<rms id="4"/><rp id="2"/>
847,<rms id="4"/><rps id="1"/>
848,<rms id="4"/><rps id="1"/><rpnsub id="1"/>
849,<rms id="4"/><rps id="2"/>
850,<rms id="4"/><rps id="2"/><rpndel id="2"/>
851,<rms id="4"/><rps id="2"/><rpnrep id="2"/>
852,<rms id="4"/><rps id="3"/>
853,<rms id="4"/><rps id="3"/><rm id="6"/>
854,<rms id="4"/><rps id="3"/><rm id="8"/>
855,<rms id="4"/><rps id="3"/><rpnrep id="3"/>
856,<rms id="40"/>
857,<rms id="40"/><rms id="41"/>
858,<rms id="40"/><rms id="42"/>
859,<rms id="40"/><rms id="49"/>
860,<rms id="41"/>
861,<rms id="42"/>
862,<rms id="42"/><rps id="41"/>
863,<rms id="43"/>
864,<rms id="43"/><rp id="32"/>
865,<rms id="44"/>
866,<rms id="45"/>
867,<rms id="45"/><rms id="46"/>
868,<rms id="45"/><rps id="43"/>
869,<rms id="45"/><rps id="44"/>
870,<rms id="46"/>
871,<rms id="47"/>
872,<rms id="47"/><rms id="48"/>
873,<rms id="48"/>
874,<rms id="48"/><rms id="49"/>
875,<rms id="49"/>
876,<rms id="5"/>
877,<rms id="5"/><rm id="10"/>
878,<rms id="5"/><rm id="11"/>
879,<rms id="5"/><rm id="6"/>
880,<rms id="5"/><rm id="9"/>
881,<rms id="5"/><rms id="10"/>
882,<rms id="5"/><rms id="10"/><rm id="12"/>
883,<rms id="5"/><rms id="10"/><rms id="11"/>
884,<rms id="5"/><rms id="11"/>
885,<rms id="5"/><rms id="17"/>
886,<rms id="5"/><rms id="6"/>
887,<rms id="5"/><rms id="6"/><rms id="10"/>
888,<rms id="5"/><rms id="6"/><rms id="7"/>
889,<rms id="5"/><rms id="6"/><rms id="7"/><rm id="11"/>
890,<rms id="5"/><rms id="6"/><rms id="8"/>
891,<rms id="5"/><rms id="6"/><rms id="9"/>
892,<rms id="5"/><rms id="6"/><rps id="4"/>
893,<rms id="5"/><rms id="7"/>
894,<rms id="5"/><rms id="7"/><rms id="9"/>
895,<rms id="5"/><rms id="7"/><rps id="4"/>
896,<rms id="5"/><rms id="8"/>
897,<rms id="5"/><rms id="8"/><rms id="9"/>
898,<rms id="5"/><rms id="9"/>
899,<rms id="5"/><rp id="1"/>
900,<rms id="5"/><rp id="2"/>
901,<rms id="5"/><rp id="3"/>
902,<rms id="5"/><rpnsub id="3"/>
903,<rms id="5"/><rps id="2"/>
904,<rms id="5"/><rps id="3"/>
905,<rms id="5"/><rps id="3"/><rpndel id="3"/>
906,<rms id="5"/><rps id="4"/>
907,<rms id="5"/><rps id="4"/><rpnsub id="4"/>
908,<rms id="50"/>
909,<rms id="51"/>
910,<rms id="51"/><rms id="52"/>
911,<rms id="52"/>
912,<rms id="54"/>
913,<rms id="55"/>
914,<rms id="56"/>
915,<rms id="59"/>
916,<rms id="6"/>
917,<rms id="6"/><rm id="10"/>
918,<rms id="6"/><rm id="16"/>
919,<rms id="6"/><rm id="7"/>
920,<rms id="6"/><rms id="10"/>
921,<rms id="6"/><rms id="11"/>
922,<rms id="6"/><rms id="12"/>
923,<rms id="6"/><rms id="14"/>
924,<rms id="6"/><rms id="2"/>
925,<rms id="6"/><rms id="7"/>
926,<rms id="6"/><rms id="7"/><rms id="10"/>
927,<rms id="6"/><rms id="7"/><rms id="8"/>
928,<rms id="6"/><rms id="7"/><rms id="9"/>
929,<rms id="6"/><rms id="7"/><rps id="5"/>
930,<rms id="6"/><rms id="8"/>
931,<rms id="6"/><rms id="8"/><rms id="10"/>
932,<rms id="6"/><rms id="8"/><rp id="1"/>
933,<rms id="6"/><rms id="8"/><rps id="3"/>
934,<rms id="6"/><rms id="8"/><rps id="5"/>
935,<rms id="6"/><rms id="9"/>
936,<rms id="6"/><rp id="1"/><rm id="10"/>
937,<rms id="6"/><rp id="3"/>
938,<rms id="6"/><rp id="3"/><rm id="8"/>
939,<rms id="6"/><rp id="4"/>
940,<rms id="6"/><rps id="2"/>
941,<rms id="6"/><rps id="3"/><rpnrep id="3"/>
942,<rms id="6"/><rps id="4"/>
943,<rms id="6"/><rps id="5"/>
944,<rms id="6"/><rps id="5"/><rpnrep id="5"/>
945,<rms id="61"/>
946,<rms id="62"/>
947,<rms id="7"/>
948,<rms id="7"/><rm id="10"/>
949,<rms id="7"/><rm id="11"/><rm id="13"/>
950,<rms id="7"/><rm id="13"/>
951,<rms id="7"/><rm id="8"/>
952,<rms id="7"/><rms id="10"/>
953,<rms id="7"/><rms id="10"/><rms id="12"/>
954,<rms id="7"/><rms id="11"/>
955,<rms id="7"/><rms id="12"/>
956,<rms id="7"/><rms id="18"/>
957,<rms id="7"/><rms id="6"/>
958,<rms id="7"/><rms id="8"/>
959,<rms id="7"/><rms id="8"/><rms id="10"/>
960,<rms id="7"/><rms id="8"/><rms id="9"/>
961,<rms id="7"/><rms id="8"/><rps id="6"/>
962,<rms id="7"/><rms id="9"/>
963,<rms id="7"/><rms id="9"/><rps id="4"/>
964,<rms id="7"/><rp id="1"/>
965,<rms id="7"/><rp id="4"/>
966,<rms id="7"/><rp id="4"/><rm id="10"/>
967,<rms id="7"/><rp id="5"/>
968,<rms id="7"/><rpnsub id="2"/><rps id="5"/><rpndel id="5"/>
969,<rms id="7"/><rpnsub id="5"/>
970,<rms id="7"/><rps id="4"/>
971,<rms id="7"/><rps id="5"/>
972,<rms id="7"/><rps id="6"/>
973,<rms id="7"/><rps id="6"/><rpnrep id="6"/>
974,<rms id="70"/>
975,<rms id="77"/>
976,<rms id="8"/>
977,<rms id="8"/><rms id="10"/>
978,<rms id="8"/><rms id="11"/>
979,<rms id="8"/><rms id="12"/>
980,<rms id="8"/><rms id="13"/>
981,<rms id="8"/><rms id="14"/>
982,<rms id="8"/><rms id="9"/>
983,<rms id="8"/><rms id="9"/><rp id="2"/>
984,<rms id="8"/><rms id="9"/><rps id="7"/>
985,<rms id="8"/><rp id="1"/>
986,<rms id="8"/><rp id="3"/>
987,<rms id="8"/><rp id="4"/>
988,<rms id="8"/><rp id="5"/>
989,<rms id="8"/><rp id="6"/>
990,<rms id="8"/><rpnrep id="5"/>
991,<rms id="8"/><rpnrep id="6"/>
992,<rms id="8"/><rps id="2"/><rpnsub id="2"/>
993,<rms id="8"/><rps id="4"/><rpnsub id="4"/>
994,<rms id="8"/><rps id="5"/>
995,<rms id="8"/><rps id="6"/>
996,<rms id="8"/><rps id="7"/>
997,<rms id="8"/><rps id="7"/><rpnrep id="7"/>
998,<rms id="84"/>
999,<rms id="9"/>
1000,<rms id="9"/><rm id="11"/>
1001,<rms id="9"/><rm id="13"/>
1002,<rms id="9"/><rm id="14"/>
1003,<rms id="9"/><rms id="10"/>
1004,<rms id="9"/><rms id="10"/><rms id="11"/>
1005,<rms id="9"/><rms id="10"/><rms id="16"/>
1006,<rms id="9"/><rms id="11"/>
1007,<rms id="9"/><rms id="11"/><rms id="14"/>
1008,<rms id="9"/><rms id="12"/>
1009,<rms id="9"/><rms id="13"/>
1010,<rms id="9"/><rms id="13"/><rms id="18"/>
1011,<rms id="9"/><rms id="15"/>
1012,<rms id="9"/><rms id="19"/>
1013,<rms id="9"/><rp id="3"/>
1014,<rms id="9"/><rp id="4"/>
1015,<rms id="9"/><rp id="6"/>
1016,<rms id="9"/><rp id="7"/>
1017,<rms id="9"/><rps id="4"/>
1018,<rms id="9"/><rps id="5"/>
1019,<rms id="9"/><rps id="5"/><rpnrep id="5"/>
1020,<rms id="9"/><rps id="6"/>
1021,<rms id="9"/><rps id="6"/><rpnrep id="6"/>
1022,<rms id="9"/><rps id="7"/>
1023,<rms id="9"/><rps id="7"/><rpndel id="7"/>
1024,<rms id="9"/><rps id="8"/>
1025,<rms id="9"/><rps id="8"/><rpndel id="8"/>
1026,<rms id="9"/><rps id="8"/><rpnrep id="8"/>
1027,<rp id="1"/>
1028,<rp id="1"/><rm id="10"/>
1029,<rp id="1"/><rm id="12"/><rm id="13"/>
1030,<rp id="1"/><rm id="3"/>
1031,<rp id="1"/><rm id="4"/>
1032,<rp id="1"/><rm id="5"/>
1033,<rp id="1"/><rm id="5"/><rm id="6"/>
1034,<rp id="1"/><rm id="5"/><rm id="8"/>
1035,<rp id="1"/><rm id="6"/>
1036,<rp id="1"/><rm id="9"/>
1037,<rp id="1"/><rpnrep id="3"/>
1038,<rp id="1"/><rpnrep id="4"/>
1039,<rp id="1"/><rps id="2"/><rpnrep id="2"/>
1040,<rp id="1"/><rps id="3"/>
1041,<rp id="1"/><rps id="4"/>
1042,<rp id="10"/>
1043,<rp id="10"/><rm id="13"/>
1044,<rp id="10"/><rm id="17"/><rm id="19"/>
1045,<rp id="10"/><rm id="19"/>
1046,<rp id="10"/><rp id="8"/>
1047,<rp id="10"/><rp id="9"/>
1048,<rp id="10"/><rpnsub id="11"/>
1049,<rp id="10"/><rpnsub id="12"/>
1050,<rp id="11"/>
1051,<rp id="11"/><rm id="14"/>
1052,<rp id="11"/><rm id="15"/>
1053,<rp id="11"/><rm id="17"/>
1054,<rp id="11"/><rp id="10"/><rpnsub id="12"/>
1055,<rp id="11"/><rpnrep id="13"/>
1056,<rp id="12"/>
1057,<rp id="12"/><rm id="15"/><rm id="19"/>
1058,<rp id="12"/><rm id="17"/>
1059,<rp id="12"/><rp id="11"/><rp id="10"/>
1060,<rp id="12"/><rps id="13"/><rpnrep id="13"/>
1061,<rp id="13"/>
1062,<rp id="13"/><rm id="16"/>
1063,<rp id="13"/><rm id="18"/>
1064,<rp id="13"/><rpnrep id="15"/>
1065,<rp id="13"/><rpnsub id="18"/>
1066,<rp id="13"/><rpnsub id="19"/>
1067,<rp id="14"/>
1068,<rp id="14"/><rms id="17"/>
1069,<rp id="14"/><rp id="11"/>
1070,<rp id="14"/><rp id="7"/>
1071,<rp id="15"/>
1072,<rp id="15"/><rm id="21"/>
1073,<rp id="15"/><rm id="22"/>
1074,<rp id="15"/><rm id="26"/>
1075,<rp id="15"/><rms id="21"/>
1076,<rp id="15"/><rp id="10"/>
1077,<rp id="15"/><rp id="21"/>
1078,<rp id="15"/><rps id="16"/><rpnrep id="16"/>
1079,<rp id="15"/><rps id="21"/>
1080,<rp id="16"/>
1081,<rp id="16"/><rm id="21"/>
1082,<rp id="16"/><rps id="17"/><rpndel id="17"/>
1083,<rp id="17"/>
1084,<rp id="17"/><rps id="18"/><rpnrep id="18"/>
1085,<rp id="17"/><rps id="18"/><rpnsub id="18"/>
1086,<rp id="18"/>
1087,<rp id="18"/><rm id="22"/>
1088,<rp id="18"/><rm id="25"/>
1089,<rp id="18"/><rms id="21"/>
1090,<rp id="18"/><rp id="13"/>
1091,<rp id="18"/><rp id="14"/>
1092,<rp id="18"/><rp id="9"/>
1093,<rp id="18"/><rps id="21"/><rpnsub id="21"/>
1094,<rp id="19"/>
1095,<rp id="19"/><rm id="24"/>
1096,<rp id="19"/><rp id="13"/>
1097,<rp id="19"/><rpnrep id="21"/>
1098,<rp id="2"/>
1099,<rp id="2"/><rm id="10"/>
1100,<rp id="2"/><rm id="11"/>
1101,<rp id="2"/><rm id="14"/>
1102,<rp id="2"/><rm id="4"/>
1103,<rp id="2"/><rm id="5"/>
1104,<rp id="2"/><rm id="5"/><rm id="7"/>
1105,<rp id="2"/><rm id="6"/>
1106,<rp id="2"/><rm id="7"/>
1107,<rp id="2"/><rm id="8"/>
1108,<rp id="2"/><rm id="8"/><rm id="12"/>
1109,<rp id="2"/><rm id="9"/>
1110,<rp id="2"/><rms id="8"/><rms id="9"/>
1111,<rp id="2"/><rpnrep id="4"/>
1112,<rp id="2"/><rpnsub id="1"/>
1113,<rp id="2"/><rpnsub id="3"/>
1114,<rp id="2"/><rpnsub id="4"/>
1115,<rp id="2"/><rpnsub id="6"/>
1116,<rp id="2"/><rps id="3"/><rpnrep id="3"/>
1117,<rp id="2"/><rps id="4"/>
1118,<rp id="2"/><rps id="8"/><rm id="9"/><rpnrep id="8"/>
1119,<rp id="20"/>
1120,<rp id="21"/>
1121,<rp id="21"/><rm id="24"/>
1122,<rp id="21"/><rm id="25"/>
1123,<rp id="21"/><rms id="25"/>
1124,<rp id="21"/><rp id="16"/>
1125,<rp id="21"/><rps id="22"/><rpnrep id="22"/>
1126,<rp id="21"/><rps id="25"/><rpnrep id="25"/>
1127,<rp id="22"/>
1128,<rp id="22"/><rm id="27"/>
1129,<rp id="22"/><rpnrep id="24"/>
1130,<rp id="23"/>
1131,<rp id="24"/>
1132,<rp id="24"/><rpnsub id="27"/>
1133,<rp id="25"/>
1134,<rp id="25"/><rpnsub id="27"/>
1135,<rp id="26"/>
1136,<rp id="26"/><rpnrep id="28"/>
1137,<rp id="27"/>
1138,<rp id="27"/><rm id="30"/>
1139,<rp id="27"/><rp id="15"/>
1140,<rp id="27"/><rp id="24"/>
1141,<rp id="28"/>
1142,<rp id="28"/><rp id="27"/>
1143,<rp id="29"/>
1144,<rp id="29"/><rm id="32"/>
1145,<rp id="29"/><rms id="32"/>
1146,<rp id="3"/>
1147,<rp id="3"/><rm id="10"/>
1148,<rp id="3"/><rm id="12"/>
1149,<rp id="3"/><rm id="6"/>
1150,<rp id="3"/><rm id="7"/>
1151,<rp id="3"/><rm id="8"/>
1152,<rp id="3"/><rm id="8"/><rm id="9"/>
1153,<rp id="3"/><rm id="9"/>
1154,<rp id="3"/><rms id="7"/>
1155,<rp id="3"/><rms id="8"/>
1156,<rp id="3"/><rpnrep id="5"/>
1157,<rp id="3"/><rpnsub id="4"/>
1158,<rp id="3"/><rpnsub id="5"/>
1159,<rp id="3"/><rps id="4"/><rpnrep id="4"/>
1160,<rp id="3"/><rps id="8"/>
1161,<rp id="30"/>
1162,<rp id="31"/>
1163,<rp id="31"/><rps id="32"/><rpnrep id="32"/>
1164,<rp id="32"/>
1165,<rp id="32"/><rpnsub id="36"/>
1166,<rp id="33"/>
1167,<rp id="33"/><rps id="34"/><rpnrep id="34"/>
1168,<rp id="34"/>
1169,<rp id="35"/>
1170,<rp id="36"/>
1171,<rp id="36"/><rp id="32"/>
1172,<rp id="37"/>
1173,<rp id="39"/>
1174,<rp id="4"/>
1175,<rp id="4"/><rm id="10"/>
1176,<rp id="4"/><rm id="11"/>
1177,<rp id="4"/><rm id="12"/><rp id="9"/>
1178,<rp id="4"/><rm id="13"/>
1179,<rp id="4"/><rm id="7"/>
1180,<rp id="4"/><rm id="7"/><rp id="3"/>
1181,<rp id="4"/><rm id="8"/>
1182,<rp id="4"/><rm id="9"/>
1183,<rp id="4"/><rm id="9"/><rm id="21"/>
1184,<rp id="4"/><rms id="12"/><rp id="9"/>
1185,<rp id="4"/><rms id="7"/>
1186,<rp id="4"/><rms id="9"/>
1187,<rp id="4"/><rp id="1"/>
1188,<rp id="4"/><rp id="3"/>
1189,<rp id="4"/><rp id="3"/><rpnsub id="7"/>
1190,<rp id="4"/><rp id="9"/>
1191,<rp id="4"/><rp id="9"/><rpnsub id="12"/>
1192,<rp id="4"/><rpnrep id="6"/>
1193,<rp id="4"/><rpnsub id="5"/>
1194,<rp id="4"/><rpnsub id="7"/>
1195,<rp id="4"/><rpnsub id="9"/>
1196,<rp id="4"/><rps id="12"/><rp id="9"/>
1197,<rp id="4"/><rps id="5"/><rpnrep id="5"/>
1198,<rp id="4"/><rps id="6"/><rpndel id="6"/>
1199,<rp id="4"/><rps id="7"/><rp id="3"/>
1200,<rp id="4"/><rps id="7"/><rpnrep id="7"/>
1201,<rp id="4"/><rps id="9"/>
1202,<rp id="40"/>
1203,<rp id="41"/>
1204,<rp id="42"/>
1205,<rp id="43"/>
1206,<rp id="43"/><rpnrep id="45"/>
1207,<rp id="45"/>
1208,<rp id="46"/>
1209,<rp id="47"/>
1210,<rp id="48"/>
1211,<rp id="49"/>
1212,<rp id="5"/>
1213,<rp id="5"/><rm id="10"/>
1214,<rp id="5"/><rm id="10"/><rm id="11"/>
1215,<rp id="5"/><rm id="11"/>
1216,<rp id="5"/><rm id="8"/>
1217,<rp id="5"/><rm id="9"/>
1218,<rp id="5"/><rms id="12"/>
1219,<rp id="5"/><rp id="2"/>
1220,<rp id="5"/><rpnrep id="7"/>
1221,<rp id="5"/><rpnsub id="9"/>
1222,<rp id="5"/><rps id="12"/>
1223,<rp id="5"/><rps id="6"/><rm id="7"/><rpnrep id="6"/>
1224,<rp id="5"/><rps id="6"/><rpnrep id="6"/>
1225,<rp id="5"/><rps id="7"/><rpnsub id="7"/>
1226,<rp id="50"/>
1227,<rp id="6"/>
1228,<rp id="6"/><rm id="10"/>
1229,<rp id="6"/><rm id="10"/><rm id="11"/>
1230,<rp id="6"/><rm id="14"/>
1231,<rp id="6"/><rm id="9"/>
1232,<rp id="6"/><rms id="10"/>
1233,<rp id="6"/><rms id="12"/>
1234,<rp id="6"/><rms id="9"/>
1235,<rp id="6"/><rp id="2"/>
1236,<rp id="6"/><rp id="3"/>
1237,<rp id="6"/><rpnsub id="11"/>
1238,<rp id="6"/><rpnsub id="2"/>
1239,<rp id="6"/><rpnsub id="7"/>
1240,<rp id="6"/><rps id="10"/>
1241,<rp id="6"/><rps id="10"/><rm id="11"/><rpnsub id="10"/>
1242,<rp id="6"/><rps id="12"/><rpnrep id="12"/>
1243,<rp id="6"/><rps id="7"/><rpnrep id="7"/>
1244,<rp id="6"/><rps id="9"/><rpnsub id="9"/>
1245,<rp id="7"/>
1246,<rp id="7"/><rm id="10"/>
1247,<rp id="7"/><rm id="11"/>
1248,<rp id="7"/><rm id="12"/>
1249,<rp id="7"/><rms id="11"/>
1250,<rp id="7"/><rp id="4"/>
1251,<rp id="7"/><rp id="6"/>
1252,<rp id="7"/><rpnrep id="15"/>
1253,<rp id="7"/><rpnrep id="9"/>
1254,<rp id="7"/><rpnsub id="14"/>
1255,<rp id="7"/><rps id="10"/><rpndel id="10"/>
1256,<rp id="7"/><rps id="11"/><rpnrep id="11"/>
1257,<rp id="8"/>
1258,<rp id="8"/><rm id="11"/>
1259,<rp id="8"/><rm id="12"/>
1260,<rp id="8"/><rm id="13"/>
1261,<rp id="8"/><rp id="1"/>
1262,<rp id="8"/><rp id="3"/>
1263,<rp id="8"/><rpnrep id="10"/>
1264,<rp id="8"/><rpnsub id="10"/>
1265,<rp id="8"/><rpnsub id="3"/>
1266,<rp id="9"/>
1267,<rp id="9"/><rm id="12"/>
1268,<rp id="9"/><rm id="13"/>
1269,<rp id="9"/><rm id="13"/><rm id="18"/>
1270,<rp id="9"/><rm id="17"/>
1271,<rp id="9"/><rm id="19"/>
1272,<rp id="9"/><rm id="21"/>
1273,<rp id="9"/><rms id="17"/>
1274,<rp id="9"/><rp id="17"/>
1275,<rp id="9"/><rp id="4"/>
1276,<rp id="9"/><rp id="5"/>
1277,<rp id="9"/><rp id="6"/>
1278,<rp id="9"/><rpnrep id="13"/>
1279,<rp id="9"/><rpnsub id="18"/>
1280,<rp id="9"/><rps id="17"/>
1281,<rpnrep id="10"/>
1282,<rpnrep id="11"/>
1283,<rpnrep id="12"/>
1284,<rpnrep id="13"/>
1285,<rpnrep id="14"/>
1286,<rpnrep id="14"/><rpnsub id="11"/>
1287,<rpnrep id="15"/>
1288,<rpnrep id="16"/>
1289,<rpnrep id="17"/>
1290,<rpnrep id="17"/><rpnsub id="14"/>
1291,<rpnrep id="18"/>
1292,<rpnrep id="19"/>
1293,<rpnrep id="2"/>
1294,<rpnrep id="20"/>
1295,<rpnrep id="21"/>
1296,<rpnrep id="22"/>
1297,<rpnrep id="23"/>
1298,<rpnrep id="24"/>
1299,<rpnrep id="25"/>
1300,<rpnrep id="26"/>
1301,<rpnrep id="27"/>
1302,<rpnrep id="28"/>
1303,<rpnrep id="29"/>
1304,<rpnrep id="3"/>
1305,<rpnrep id="3"/><rpnsub id="1"/>
1306,<rpnrep id="30"/>
1307,<rpnrep id="31"/>
1308,<rpnrep id="32"/>
1309,<rpnrep id="33"/>
1310,<rpnrep id="35"/>
1311,<rpnrep id="36"/>
1312,<rpnrep id="38"/>
1313,<rpnrep id="4"/>
1314,<rpnrep id="4"/><rpnsub id="1"/>
1315,<rpnrep id="4"/><rpnsub id="2"/>
1316,<rpnrep id="41"/>
1317,<rpnrep id="48"/>
1318,<rpnrep id="5"/>
1319,<rpnrep id="5"/><rpnsub id="2"/>
1320,<rpnrep id="50"/>
1321,<rpnrep id="52"/>
1322,<rpnrep id="6"/>
1323,<rpnrep id="6"/><rpnsub id="4"/>
1324,<rpnrep id="7"/>
1325,<rpnrep id="7"/><rpnsub id="5"/>
1326,<rpnrep id="77"/>
1327,<rpnrep id="8"/>
1328,<rpnrep id="9"/>
1329,<rpnrep id="9"/><rpnsub id="4"/>
1330,<rpnrep id="9"/><rpnsub id="7"/>
1331,<rpnsub id="1"/>
1332,<rpnsub id="10"/>
1333,<rpnsub id="10"/><rpnsub id="3"/>
1334,<rpnsub id="10"/><rpnsub id="9"/>
1335,<rpnsub id="11"/>
1336,<rpnsub id="11"/><rpnsub id="8"/>
1337,<rpnsub id="11"/><rps id="15"/><rpndel id="15"/>
1338,<rpnsub id="12"/>
1339,<rpnsub id="12"/><rpnsub id="10"/>
1340,<rpnsub id="12"/><rpnsub id="9"/>
1341,<rpnsub id="12"/><rps id="13"/><rpndel id="13"/>
1342,<rpnsub id="13"/>
1343,<rpnsub id="13"/><rpnsub id="5"/>
1344,<rpnsub id="14"/>
1345,<rpnsub id="14"/><rpnsub id="8"/>
1346,<rpnsub id="15"/>
1347,<rpnsub id="15"/><rpnsub id="10"/>
1348,<rpnsub id="15"/><rpnsub id="21"/>
1349,<rpnsub id="16"/>
1350,<rpnsub id="16"/><rps id="18"/><rpndel id="18"/>
1351,<rpnsub id="17"/>
1352,<rpnsub id="18"/>
1353,<rpnsub id="18"/><rm id="22"/>
1354,<rpnsub id="18"/><rpnsub id="10"/>
1355,<rpnsub id="18"/><rpnsub id="14"/>
1356,<rpnsub id="19"/>
1357,<rpnsub id="19"/><rpnsub id="14"/>
1358,<rpnsub id="2"/>
1359,<rpnsub id="2"/><rpnsub id="1"/>
1360,<rpnsub id="20"/>
1361,<rpnsub id="21"/>
1362,<rpnsub id="21"/><rpnsub id="16"/>
1363,<rpnsub id="22"/>
1364,<rpnsub id="22"/><rps id="24"/><rpndel id="24"/>
1365,<rpnsub id="23"/>
1366,<rpnsub id="24"/>
1367,<rpnsub id="25"/>
1368,<rpnsub id="26"/>
1369,<rpnsub id="27"/>
1370,<rpnsub id="27"/><rpnsub id="15"/>
1371,<rpnsub id="28"/>
1372,<rpnsub id="28"/><rpnsub id="27"/>
1373,<rpnsub id="29"/>
1374,<rpnsub id="3"/>
1375,<rpnsub id="3"/><rpnsub id="1"/>
1376,<rpnsub id="30"/>
1377,<rpnsub id="31"/>
1378,<rpnsub id="32"/>
1379,<rpnsub id="33"/>
1380,<rpnsub id="34"/>
1381,<rpnsub id="35"/>
1382,<rpnsub id="36"/>
1383,<rpnsub id="37"/>
1384,<rpnsub id="38"/>
1385,<rpnsub id="39"/>
1386,<rpnsub id="4"/>
1387,<rpnsub id="4"/><rpnsub id="1"/>
1388,<rpnsub id="4"/><rpnsub id="2"/>
1389,<rpnsub id="4"/><rpnsub id="3"/>
1390,<rpnsub id="4"/><rpnsub id="9"/>
1391,<rpnsub id="40"/>
1392,<rpnsub id="41"/>
1393,<rpnsub id="42"/>
1394,<rpnsub id="43"/>
1395,<rpnsub id="43"/><rpnsub id="32"/>
1396,<rpnsub id="44"/>
1397,<rpnsub id="45"/>
1398,<rpnsub id="46"/>
1399,<rpnsub id="47"/>
1400,<rpnsub id="49"/>
1401,<rpnsub id="5"/>
1402,<rpnsub id="5"/><rpnsub id="12"/>
1403,<rpnsub id="5"/><rps id="8"/><rpndel id="8"/>
1404,<rpnsub id="50"/>
1405,<rpnsub id="6"/>
1406,<rpnsub id="6"/><rpnrep id="10"/>
1407,<rpnsub id="6"/><rpnsub id="3"/>
1408,<rpnsub id="7"/>
1409,<rpnsub id="8"/>
1410,<rpnsub id="8"/><rpnsub id="1"/>
1411,<rpnsub id="8"/><rpnsub id="3"/>
1412,<rpnsub id="8"/><rpnsub id="5"/>
1413,<rpnsub id="9"/>
1414,<rpnsub id="9"/><rpnsub id="17"/>
1415,<rpnsub id="9"/><rpnsub id="6"/>
1416,<rps id="1"/>
1417,<rps id="1"/><rm id="10"/>
1418,<rps id="1"/><rm id="12"/><rm id="13"/>
1419,<rps id="1"/><rm id="2"/><rm id="3"/><rm id="5"/><rpnrep id="1"/>
1420,<rps id="1"/><rm id="2"/><rm id="3"/><rpnrep id="1"/>
1421,<rps id="1"/><rm id="2"/><rm id="3"/><rpnsub id="1"/>
1422,<rps id="1"/><rm id="2"/><rm id="4"/><rpnrep id="1"/>
1423,<rps id="1"/><rm id="2"/><rm id="4"/><rpnsub id="1"/>
1424,<rps id="1"/><rm id="2"/><rm id="5"/><rm id="7"/><rpnrep id="1"/>
1425,<rps id="1"/><rm id="2"/><rm id="5"/><rpnrep id="1"/>
1426,<rps id="1"/><rm id="2"/><rm id="5"/><rpnsub id="1"/>
1427,<rps id="1"/><rm id="2"/><rm id="6"/><rpnrep id="1"/>
1428,<rps id="1"/><rm id="2"/><rm id="8"/><rpnrep id="1"/>
1429,<rps id="1"/><rm id="2"/><rpnrep id="1"/>
1430,<rps id="1"/><rm id="2"/><rpnsub id="1"/>
1431,<rps id="1"/><rm id="3"/>
1432,<rps id="1"/><rm id="3"/><rm id="4"/>
1433,<rps id="1"/><rm id="3"/><rm id="4"/><rm id="5"/>
1434,<rps id="1"/><rm id="3"/><rm id="4"/><rpnrep id="1"/>
1435,<rps id="1"/><rm id="3"/><rm id="5"/><rm id="6"/><rpnrep id="1"/>
1436,<rps id="1"/><rm id="3"/><rm id="6"/><rpnsub id="1"/>
1437,<rps id="1"/><rm id="3"/><rm id="7"/>
1438,<rps id="1"/><rm id="3"/><rpnrep id="1"/>
1439,<rps id="1"/><rm id="3"/><rpnsub id="1"/>
1440,<rps id="1"/><rm id="4"/>
1441,<rps id="1"/><rm id="4"/><rpnrep id="1"/>
1442,<rps id="1"/><rm id="4"/><rpnsub id="1"/>
1443,<rps id="1"/><rm id="5"/>
1444,<rps id="1"/><rm id="5"/><rm id="6"/>
1445,<rps id="1"/><rm id="5"/><rm id="8"/>
1446,<rps id="1"/><rm id="5"/><rpnrep id="1"/>
1447,<rps id="1"/><rm id="5"/><rpnsub id="1"/>
1448,<rps id="1"/><rm id="6"/>
1449,<rps id="1"/><rm id="6"/><rpnrep id="1"/>
1450,<rps id="1"/><rm id="7"/><rpnrep id="1"/>
1451,<rps id="1"/><rm id="8"/><rpnrep id="1"/>
1452,<rps id="1"/><rm id="9"/>
1453,<rps id="1"/><rms id="2"/>
1454,<rps id="1"/><rms id="2"/><rpnsub id="1"/>
1455,<rps id="1"/><rms id="3"/>
1456,<rps id="1"/><rms id="4"/>
1457,<rps id="1"/><rpndel id="1"/>
1458,<rps id="1"/><rpndel id="1"/><rms id="2"/>
1459,<rps id="1"/><rpndel id="1"/><rms id="2"/><rms id="3"/>
1460,<rps id="1"/><rpndel id="1"/><rms id="3"/>
1461,<rps id="1"/><rpnrep id="1"/>
1462,<rps id="1"/><rpnsub id="1"/>
1463,<rps id="10"/>
1464,<rps id="10"/><rm id="11"/><rm id="12"/><rpnrep id="10"/>
1465,<rps id="10"/><rm id="11"/><rpnrep id="10"/>
1466,<rps id="10"/><rm id="11"/><rpnsub id="10"/>
1467,<rps id="10"/><rm id="12"/>
1468,<rps id="10"/><rm id="12"/><rpnrep id="10"/>
1469,<rps id="10"/><rm id="12"/><rpnsub id="10"/>
1470,<rps id="10"/><rm id="13"/>
1471,<rps id="10"/><rm id="13"/><rpnsub id="10"/>
1472,<rps id="10"/><rm id="16"/><rpnsub id="10"/>
1473,<rps id="10"/><rm id="17"/><rm id="19"/>
1474,<rps id="10"/><rm id="19"/>
1475,<rps id="10"/><rp id="3"/>
1476,<rps id="10"/><rp id="3"/><rpnsub id="10"/>
1477,<rps id="10"/><rp id="7"/><rpnsub id="10"/>
1478,<rps id="10"/><rp id="8"/>
1479,<rps id="10"/><rp id="8"/><rpnrep id="10"/>
1480,<rps id="10"/><rp id="9"/>
1481,<rps id="10"/><rp id="9"/><rpnrep id="10"/>
1482,<rps id="10"/><rpndel id="10"/>
1483,<rps id="10"/><rpndel id="10"/><rms id="11"/>
1484,<rps id="10"/><rpndel id="10"/><rp id="9"/>
1485,<rps id="10"/><rpnrep id="10"/>
1486,<rps id="10"/><rpnrep id="10"/><rpnsub id="3"/>
1487,<rps id="10"/><rpnrep id="10"/><rpnsub id="7"/>
1488,<rps id="10"/><rpnsub id="10"/>
1489,<rps id="10"/><rpnsub id="10"/><rpnsub id="8"/>
1490,<rps id="10"/><rpnsub id="10"/><rpnsub id="9"/>
1491,<rps id="10"/><rpnsub id="9"/>
1492,<rps id="11"/>
1493,<rps id="11"/><rm id="12"/><rm id="14"/><rpnrep id="11"/>
1494,<rps id="11"/><rm id="12"/><rpnrep id="11"/>
1495,<rps id="11"/><rm id="12"/><rpnsub id="11"/>
1496,<rps id="11"/><rm id="13"/>
1497,<rps id="11"/><rm id="13"/><rm id="16"/><rpnrep id="11"/>
1498,<rps id="11"/><rm id="13"/><rpnrep id="11"/>
1499,<rps id="11"/><rm id="14"/>
1500,<rps id="11"/><rm id="14"/><rpnsub id="11"/>
1501,<rps id="11"/><rm id="15"/>
1502,<rps id="11"/><rm id="17"/>
1503,<rps id="11"/><rms id="13"/>
1504,<rps id="11"/><rms id="15"/>
1505,<rps id="11"/><rp id="10"/><rpnrep id="11"/>
1506,<rps id="11"/><rp id="3"/><rpnrep id="11"/>
1507,<rps id="11"/><rp id="4"/><rpnrep id="11"/>
1508,<rps id="11"/><rp id="5"/><rpnsub id="11"/>
1509,<rps id="11"/><rp id="6"/>
1510,<rps id="11"/><rp id="7"/><rpnrep id="11"/>
1511,<rps id="11"/><rp id="8"/>
1512,<rps id="11"/><rp id="8"/><rpnsub id="11"/>
1513,<rps id="11"/><rp id="9"/><rpnsub id="11"/>
1514,<rps id="11"/><rpndel id="11"/>
1515,<rps id="11"/><rpndel id="11"/><rm id="12"/>
1516,<rps id="11"/><rpndel id="11"/><rm id="13"/><rpnrep id="10"/>
1517,<rps id="11"/><rpndel id="11"/><rms id="12"/>
1518,<rps id="11"/><rpndel id="11"/><rms id="13"/><rms id="15"/>
1519,<rps id="11"/><rpndel id="11"/><rms id="15"/>
1520,<rps id="11"/><rpndel id="11"/><rpnsub id="10"/>
1521,<rps id="11"/><rpndel id="11"/><rpnsub id="6"/>
1522,<rps id="11"/><rpnrep id="11"/>
1523,<rps id="11"/><rpnrep id="11"/><rpnsub id="10"/>
1524,<rps id="11"/><rpnrep id="11"/><rpnsub id="9"/>
1525,<rps id="11"/><rpnsub id="11"/>
1526,<rps id="11"/><rpnsub id="11"/><rpnsub id="4"/>
1527,<rps id="12"/>
1528,<rps id="12"/><rm id="13"/><rm id="14"/><rpnsub id="12"/>
1529,<rps id="12"/><rm id="13"/><rpnrep id="12"/>
1530,<rps id="12"/><rm id="13"/><rpnsub id="12"/>
1531,<rps id="12"/><rm id="14"/>
1532,<rps id="12"/><rm id="14"/><rpnrep id="12"/>
1533,<rps id="12"/><rm id="14"/><rpnsub id="12"/>
1534,<rps id="12"/><rm id="15"/><rm id="19"/>
1535,<rps id="12"/><rm id="15"/><rpnrep id="12"/>
1536,<rps id="12"/><rm id="17"/>
1537,<rps id="12"/><rms id="13"/>
1538,<rps id="12"/><rp id="10"/>
1539,<rps id="12"/><rp id="10"/><rpnrep id="12"/>
1540,<rps id="12"/><rp id="11"/><rp id="10"/>
1541,<rps id="12"/><rp id="11"/><rpnrep id="12"/>
1542,<rps id="12"/><rp id="5"/><rm id="17"/>
1543,<rps id="12"/><rp id="7"/><rpnrep id="12"/>
1544,<rps id="12"/><rp id="8"/><rpnrep id="12"/>
1545,<rps id="12"/><rp id="9"/>
1546,<rps id="12"/><rpndel id="12"/>
1547,<rps id="12"/><rpndel id="12"/><rms id="13"/>
1548,<rps id="12"/><rpndel id="12"/><rms id="14"/>
1549,<rps id="12"/><rpndel id="12"/><rms id="15"/>
1550,<rps id="12"/><rpndel id="12"/><rp id="11"/>
1551,<rps id="12"/><rpndel id="12"/><rp id="5"/>
1552,<rps id="12"/><rpnrep id="12"/>
1553,<rps id="12"/><rpnrep id="12"/><rpnsub id="11"/>
1554,<rps id="12"/><rpnrep id="12"/><rpnsub id="11"/><rpnsub id="8"/>
1555,<rps id="12"/><rpnsub id="12"/>
1556,<rps id="13"/>
1557,<rps id="13"/><rm id="14"/><rm id="19"/><rpnrep id="13"/>
1558,<rps id="13"/><rm id="14"/><rp id="9"/><rpnrep id="13"/>
1559,<rps id="13"/><rm id="14"/><rpnrep id="13"/>
1560,<rps id="13"/><rm id="14"/><rpnsub id="13"/>
1561,<rps id="13"/><rm id="15"/>
1562,<rps id="13"/><rm id="15"/><rpnrep id="13"/>
1563,<rps id="13"/><rm id="15"/><rpnsub id="13"/>
1564,<rps id="13"/><rm id="16"/>
1565,<rps id="13"/><rm id="18"/>
1566,<rps id="13"/><rp id="11"/>
1567,<rps id="13"/><rp id="11"/><rpnrep id="13"/>
1568,<rps id="13"/><rp id="12"/><rpnrep id="13"/>
1569,<rps id="13"/><rp id="5"/>
1570,<rps id="13"/><rp id="7"/><rpnrep id="13"/>
1571,<rps id="13"/><rp id="9"/>
1572,<rps id="13"/><rp id="9"/><rpnrep id="13"/>
1573,<rps id="13"/><rpndel id="13"/>
1574,<rps id="13"/><rpndel id="13"/><rms id="14"/>
1575,<rps id="13"/><rpndel id="13"/><rms id="15"/>
1576,<rps id="13"/><rpndel id="13"/><rp id="10"/>
1577,<rps id="13"/><rpnrep id="13"/>
1578,<rps id="13"/><rpnrep id="13"/><rpnsub id="12"/>
1579,<rps id="13"/><rpnrep id="13"/><rpnsub id="2"/>
1580,<rps id="13"/><rpnrep id="13"/><rpnsub id="3"/>
1581,<rps id="13"/><rpnrep id="13"/><rpnsub id="6"/>
1582,<rps id="13"/><rpnrep id="13"/><rpnsub id="9"/>
1583,<rps id="13"/><rpnsub id="12"/><rpnsub id="13"/>
1584,<rps id="13"/><rpnsub id="13"/>
1585,<rps id="14"/>
1586,<rps id="14"/><rm id="15"/><rm id="16"/><rm id="17"/><rpnrep id="14"/>
1587,<rps id="14"/><rm id="15"/><rm id="16"/><rpnrep id="14"/>
1588,<rps id="14"/><rm id="15"/><rp id="12"/><rpnrep id="14"/>
1589,<rps id="14"/><rm id="15"/><rpnrep id="14"/>
1590,<rps id="14"/><rm id="15"/><rpnsub id="14"/>
1591,<rps id="14"/><rm id="16"/><rpnrep id="14"/>
1592,<rps id="14"/><rm id="16"/><rpnsub id="14"/>
1593,<rps id="14"/><rm id="17"/>
1594,<rps id="14"/><rm id="17"/><rpnrep id="14"/>
1595,<rps id="14"/><rm id="17"/><rpnsub id="14"/>
1596,<rps id="14"/><rm id="19"/><rpnsub id="14"/>
1597,<rps id="14"/><rms id="15"/><rpnsub id="14"/>
1598,<rps id="14"/><rp id="11"/>
1599,<rps id="14"/><rp id="12"/><rpnrep id="14"/>
1600,<rps id="14"/><rp id="13"/><rpnrep id="14"/>
1601,<rps id="14"/><rp id="7"/>
1602,<rps id="14"/><rp id="8"/>
1603,<rps id="14"/><rp id="9"/><rpnsub id="14"/>
1604,<rps id="14"/><rpndel id="14"/>
1605,<rps id="14"/><rpndel id="14"/><rms id="15"/>
1606,<rps id="14"/><rpndel id="14"/><rms id="15"/><rms id="16"/>
1607,<rps id="14"/><rpndel id="14"/><rms id="16"/>
1608,<rps id="14"/><rpndel id="14"/><rp id="13"/>
1609,<rps id="14"/><rpnrep id="14"/>
1610,<rps id="14"/><rpnrep id="14"/><rpnsub id="8"/>
1611,<rps id="14"/><rpnsub id="14"/>
1612,<rps id="15"/>
1613,<rps id="15"/><rm id="16"/><rm id="17"/><rpnsub id="15"/>
1614,<rps id="15"/><rm id="16"/><rp id="13"/><rpnsub id="15"/>
1615,<rps id="15"/><rm id="16"/><rpnrep id="15"/>
1616,<rps id="15"/><rm id="16"/><rpnsub id="15"/>
1617,<rps id="15"/><rm id="17"/>
1618,<rps id="15"/><rm id="17"/><rm id="18"/><rpnrep id="15"/>
1619,<rps id="15"/><rm id="17"/><rpnrep id="15"/>
1620,<rps id="15"/><rm id="17"/><rpnsub id="15"/><rpnsub id="12"/><rpnsub id="5"/>
1621,<rps id="15"/><rm id="18"/><rpnrep id="15"/>
1622,<rps id="15"/><rm id="19"/>
1623,<rps id="15"/><rm id="19"/><rpnrep id="15"/>
1624,<rps id="15"/><rm id="22"/>
1625,<rps id="15"/><rm id="26"/>
1626,<rps id="15"/><rms id="16"/>
1627,<rps id="15"/><rp id="10"/>
1628,<rps id="15"/><rp id="13"/>
1629,<rps id="15"/><rp id="14"/><rpnrep id="15"/>
1630,<rps id="15"/><rp id="6"/><rpnrep id="15"/>
1631,<rps id="15"/><rp id="7"/>
1632,<rps id="15"/><rpndel id="15"/>
1633,<rps id="15"/><rpndel id="15"/><rms id="16"/>
1634,<rps id="15"/><rpndel id="15"/><rms id="17"/>
1635,<rps id="15"/><rpndel id="15"/><rms id="20"/>
1636,<rps id="15"/><rpnrep id="15"/>
1637,<rps id="15"/><rpnsub id="15"/>
1638,<rps id="15"/><rpnsub id="15"/><rpnsub id="12"/>
1639,<rps id="16"/>
1640,<rps id="16"/><rm id="17"/><rm id="18"/><rp id="15"/><rpnrep id="16"/>
1641,<rps id="16"/><rm id="17"/><rm id="19"/><rpnrep id="16"/>
1642,<rps id="16"/><rm id="17"/><rpnrep id="16"/>
1643,<rps id="16"/><rm id="17"/><rpnsub id="16"/>
1644,<rps id="16"/><rm id="18"/>
1645,<rps id="16"/><rm id="18"/><rpnrep id="16"/>
1646,<rps id="16"/><rm id="18"/><rpnsub id="16"/>
1647,<rps id="16"/><rm id="21"/>
1648,<rps id="16"/><rms id="17"/>
1649,<rps id="16"/><rms id="18"/>
1650,<rps id="16"/><rp id="13"/><rpnsub id="16"/>
1651,<rps id="16"/><rp id="14"/><rpnrep id="16"/>
1652,<rps id="16"/><rp id="15"/><rpnrep id="16"/>
1653,<rps id="16"/><rp id="9"/><rm id="21"/><rpnrep id="16"/>
1654,<rps id="16"/><rpndel id="16"/>
1655,<rps id="16"/><rpndel id="16"/><rms id="17"/>
1656,<rps id="16"/><rpndel id="16"/><rms id="19"/>
1657,<rps id="16"/><rpndel id="16"/><rp id="3"/>
1658,<rps id="16"/><rpndel id="16"/><rpnsub id="12"/>
1659,<rps id="16"/><rpndel id="16"/><rpnsub id="13"/>
1660,<rps id="16"/><rpnrep id="16"/>
1661,<rps id="16"/><rpnrep id="16"/><rpnsub id="13"/>
1662,<rps id="16"/><rpnsub id="16"/>
1663,<rps id="17"/>
1664,<rps id="17"/><rm id="18"/><rp id="15"/><rpnsub id="17"/>
1665,<rps id="17"/><rm id="18"/><rpnrep id="17"/>
1666,<rps id="17"/><rm id="18"/><rpnsub id="17"/>
1667,<rps id="17"/><rm id="19"/>
1668,<rps id="17"/><rm id="19"/><rm id="21"/><rp id="16"/><rpnrep id="17"/>
1669,<rps id="17"/><rm id="19"/><rpnrep id="17"/>
1670,<rps id="17"/><rm id="21"/>
1671,<rps id="17"/><rms id="18"/>
1672,<rps id="17"/><rms id="19"/><rpnrep id="17"/>
1673,<rps id="17"/><rp id="14"/>
1674,<rps id="17"/><rp id="16"/><rm id="19"/><rpnrep id="17"/>
1675,<rps id="17"/><rp id="16"/><rpnrep id="17"/>
1676,<rps id="17"/><rpndel id="17"/>
1677,<rps id="17"/><rpndel id="17"/><rms id="19"/>
1678,<rps id="17"/><rpnrep id="17"/>
1679,<rps id="17"/><rpnsub id="14"/><rpnrep id="17"/>
1680,<rps id="17"/><rpnsub id="17"/>
1681,<rps id="18"/>
1682,<rps id="18"/><rm id="19"/><rm id="20"/><rpnrep id="18"/>
1683,<rps id="18"/><rm id="19"/><rpnrep id="18"/>
1684,<rps id="18"/><rm id="19"/><rpnsub id="18"/>
1685,<rps id="18"/><rm id="20"/>
1686,<rps id="18"/><rm id="20"/><rm id="21"/><rm id="22"/>
1687,<rps id="18"/><rm id="21"/>
1688,<rps id="18"/><rm id="22"/>
1689,<rps id="18"/><rm id="25"/>
1690,<rps id="18"/><rm id="25"/><rpnsub id="18"/>
1691,<rps id="18"/><rms id="22"/>
1692,<rps id="18"/><rp id="10"/>
1693,<rps id="18"/><rp id="13"/>
1694,<rps id="18"/><rp id="14"/>
1695,<rps id="18"/><rp id="15"/><rpnsub id="18"/>
1696,<rps id="18"/><rp id="17"/><rpnrep id="18"/>
1697,<rps id="18"/><rp id="9"/>
1698,<rps id="18"/><rpndel id="18"/>
1699,<rps id="18"/><rpndel id="18"/><rms id="19"/>
1700,<rps id="18"/><rpndel id="18"/><rp id="17"/>
1701,<rps id="18"/><rpnrep id="18"/>
1702,<rps id="18"/><rpnrep id="18"/><rpnsub id="16"/>
1703,<rps id="18"/><rpnsub id="18"/>
1704,<rps id="19"/>
1705,<rps id="19"/><rm id="20"/><rpnrep id="19"/>
1706,<rps id="19"/><rm id="20"/><rpnsub id="19"/>
1707,<rps id="19"/><rm id="21"/>
1708,<rps id="19"/><rm id="21"/><rp id="16"/><rpnsub id="19"/>
1709,<rps id="19"/><rm id="21"/><rpnrep id="19"/>
1710,<rps id="19"/><rm id="23"/>
1711,<rps id="19"/><rm id="24"/>
1712,<rps id="19"/><rm id="26"/><rpnrep id="19"/>
1713,<rps id="19"/><rms id="20"/><rpnsub id="19"/>
1714,<rps id="19"/><rp id="13"/>
1715,<rps id="19"/><rp id="14"/>
1716,<rps id="19"/><rp id="17"/><rpnrep id="19"/>
1717,<rps id="19"/><rpndel id="19"/>
1718,<rps id="19"/><rpndel id="19"/><rms id="20"/>
1719,<rps id="19"/><rpndel id="19"/><rms id="20"/><rp id="16"/>
1720,<rps id="19"/><rpnrep id="19"/>
1721,<rps id="19"/><rpnrep id="19"/><rpnsub id="18"/>
1722,<rps id="19"/><rpnrep id="19"/><rpnsub id="6"/>
1723,<rps id="19"/><rpnsub id="19"/>
1724,<rps id="2"/>
1725,<rps id="2"/><rm id="10"/>
1726,<rps id="2"/><rm id="11"/>
1727,<rps id="2"/><rm id="14"/>
1728,<rps id="2"/><rm id="3"/><rm id="4"/><rm id="5"/><rpnsub id="2"/>
1729,<rps id="2"/><rm id="3"/><rm id="4"/><rpnrep id="2"/>
1730,<rps id="2"/><rm id="3"/><rm id="4"/><rpnsub id="2"/>
1731,<rps id="2"/><rm id="3"/><rm id="5"/><rpnrep id="2"/>
1732,<rps id="2"/><rm id="3"/><rm id="5"/><rpnsub id="2"/>
1733,<rps id="2"/><rm id="3"/><rm id="6"/><rpnrep id="2"/>
1734,<rps id="2"/><rm id="3"/><rm id="6"/><rpnsub id="2"/>
1735,<rps id="2"/><rm id="3"/><rm id="7"/><rpnsub id="2"/>
1736,<rps id="2"/><rm id="3"/><rpnrep id="2"/>
1737,<rps id="2"/><rm id="3"/><rpnsub id="2"/>
1738,<rps id="2"/><rm id="4"/>
1739,<rps id="2"/><rm id="4"/><rm id="10"/>
1740,<rps id="2"/><rm id="4"/><rm id="5"/>
1741,<rps id="2"/><rm id="4"/><rm id="5"/><rm id="6"/><rpnrep id="2"/>
1742,<rps id="2"/><rm id="4"/><rm id="6"/>
1743,<rps id="2"/><rm id="4"/><rm id="6"/><rpnrep id="2"/>
1744,<rps id="2"/><rm id="4"/><rm id="7"/>
1745,<rps id="2"/><rm id="4"/><rm id="8"/>
1746,<rps id="2"/><rm id="4"/><rpnrep id="2"/>
1747,<rps id="2"/><rm id="4"/><rpnsub id="2"/>
1748,<rps id="2"/><rm id="5"/>
1749,<rps id="2"/><rm id="5"/><rm id="6"/><rpnsub id="2"/>
1750,<rps id="2"/><rm id="5"/><rm id="7"/>
1751,<rps id="2"/><rm id="5"/><rpnrep id="2"/>
1752,<rps id="2"/><rm id="5"/><rpnsub id="2"/>
1753,<rps id="2"/><rm id="6"/>
1754,<rps id="2"/><rm id="6"/><rpnrep id="2"/>
1755,<rps id="2"/><rm id="6"/><rpnsub id="2"/>
1756,<rps id="2"/><rm id="7"/>
1757,<rps id="2"/><rm id="7"/><rpnrep id="2"/>
1758,<rps id="2"/><rm id="8"/>
1759,<rps id="2"/><rm id="8"/><rm id="12"/>
1760,<rps id="2"/><rm id="8"/><rpnsub id="2"/>
1761,<rps id="2"/><rm id="9"/>
1762,<rps id="2"/><rm id="9"/><rpnsub id="2"/>
1763,<rps id="2"/><rms id="3"/>
1764,<rps id="2"/><rms id="3"/><rpnsub id="2"/>
1765,<rps id="2"/><rms id="4"/>
1766,<rps id="2"/><rms id="5"/>
1767,<rps id="2"/><rp id="1"/>
1768,<rps id="2"/><rp id="1"/><rpnrep id="2"/>
1769,<rps id="2"/><rpndel id="2"/>
1770,<rps id="2"/><rpndel id="2"/><rms id="3"/>
1771,<rps id="2"/><rpndel id="2"/><rms id="3"/><rms id="4"/><rms id="6"/>
1772,<rps id="2"/><rpndel id="2"/><rms id="3"/><rms id="6"/>
1773,<rps id="2"/><rpndel id="2"/><rms id="4"/>
1774,<rps id="2"/><rpndel id="2"/><rp id="1"/>
1775,<rps id="2"/><rpndel id="2"/><rpnsub id="1"/>
1776,<rps id="2"/><rpnrep id="2"/>
1777,<rps id="2"/><rpnrep id="2"/><rpnsub id="1"/>
1778,<rps id="2"/><rpnsub id="1"/><rpnsub id="2"/>
1779,<rps id="2"/><rpnsub id="2"/>
1780,<rps id="20"/>
1781,<rps id="20"/><rm id="21"/><rm id="22"/><rpnsub id="20"/>
1782,<rps id="20"/><rm id="21"/><rpnrep id="20"/>
1783,<rps id="20"/><rm id="22"/>
1784,<rps id="20"/><rm id="22"/><rpnrep id="20"/>
1785,<rps id="20"/><rm id="23"/><rpnsub id="20"/>
1786,<rps id="20"/><rpndel id="20"/>
1787,<rps id="20"/><rpndel id="20"/><rp id="15"/>
1788,<rps id="20"/><rpnrep id="20"/>
1789,<rps id="20"/><rpnrep id="20"/><rpnsub id="16"/>
1790,<rps id="20"/><rpnrep id="20"/><rpnsub id="18"/>
1791,<rps id="20"/><rpnrep id="20"/><rpnsub id="19"/>
1792,<rps id="20"/><rpnsub id="20"/>
1793,<rps id="21"/>
1794,<rps id="21"/><rm id="22"/><rp id="20"/><rpnrep id="21"/>
1795,<rps id="21"/><rm id="22"/><rp id="5"/><rpnsub id="21"/>
1796,<rps id="21"/><rm id="22"/><rpnrep id="21"/>
1797,<rps id="21"/><rm id="22"/><rpnsub id="21"/>
1798,<rps id="21"/><rm id="23"/>
1799,<rps id="21"/><rm id="24"/>
1800,<rps id="21"/><rm id="24"/><rm id="25"/><rpnrep id="21"/>
1801,<rps id="21"/><rm id="25"/>
1802,<rps id="21"/><rms id="22"/>
1803,<rps id="21"/><rms id="25"/><rpnsub id="21"/>
1804,<rps id="21"/><rp id="16"/>
1805,<rps id="21"/><rp id="16"/><rpnsub id="21"/>
1806,<rps id="21"/><rp id="19"/>
1807,<rps id="21"/><rpndel id="21"/>
1808,<rps id="21"/><rpnrep id="21"/>
1809,<rps id="21"/><rpnrep id="21"/><rpnsub id="8"/>
1810,<rps id="21"/><rpnsub id="21"/>
1811,<rps id="21"/><rpnsub id="21"/><rpnsub id="17"/>
1812,<rps id="22"/>
1813,<rps id="22"/><rm id="23"/><rpnrep id="22"/>
1814,<rps id="22"/><rm id="23"/><rpnsub id="22"/>
1815,<rps id="22"/><rm id="24"/>
1816,<rps id="22"/><rm id="27"/>
1817,<rps id="22"/><rp id="20"/><rpnsub id="22"/>
1818,<rps id="22"/><rpndel id="22"/>
1819,<rps id="22"/><rpndel id="22"/><rms id="23"/>
1820,<rps id="22"/><rpnrep id="22"/>
1821,<rps id="22"/><rpnrep id="22"/><rpnsub id="14"/>
1822,<rps id="22"/><rpnsub id="21"/>
1823,<rps id="22"/><rpnsub id="22"/>
1824,<rps id="22"/><rpnsub id="22"/><rpnsub id="5"/>
1825,<rps id="23"/>
1826,<rps id="23"/><rm id="24"/><rpnrep id="23"/>
1827,<rps id="23"/><rp id="22"/><rpnrep id="23"/>
1828,<rps id="23"/><rpndel id="23"/>
1829,<rps id="23"/><rpnrep id="23"/>
1830,<rps id="23"/><rpnrep id="23"/><rpnsub id="21"/>
1831,<rps id="23"/><rpnsub id="23"/>
1832,<rps id="24"/>
1833,<rps id="24"/><rm id="25"/><rm id="27"/><rpnrep id="24"/>
1834,<rps id="24"/><rm id="25"/><rpnrep id="24"/>
1835,<rps id="24"/><rm id="25"/><rpnsub id="24"/>
1836,<rps id="24"/><rp id="22"/>
1837,<rps id="24"/><rpndel id="24"/>
1838,<rps id="24"/><rpndel id="24"/><rms id="26"/>
1839,<rps id="24"/><rpndel id="24"/><rpnsub id="23"/>
1840,<rps id="24"/><rpnrep id="24"/>
1841,<rps id="24"/><rpnsub id="24"/>
1842,<rps id="25"/>
1843,<rps id="25"/><rm id="26"/><rp id="24"/><rpnrep id="25"/>
1844,<rps id="25"/><rm id="26"/><rpnrep id="25"/>
1845,<rps id="25"/><rm id="26"/><rpnsub id="25"/>
1846,<rps id="25"/><rm id="27"/><rpnsub id="25"/>
1847,<rps id="25"/><rm id="29"/>
1848,<rps id="25"/><rp id="22"/><rpnrep id="25"/>
1849,<rps id="25"/><rp id="23"/><rpnsub id="25"/>
1850,<rps id="25"/><rpndel id="25"/>
1851,<rps id="25"/><rpndel id="25"/><rms id="28"/>
1852,<rps id="25"/><rpnrep id="25"/>
1853,<rps id="25"/><rpnsub id="25"/>
1854,<rps id="26"/>
1855,<rps id="26"/><rm id="27"/><rpnrep id="26"/>
1856,<rps id="26"/><rm id="27"/><rpnsub id="26"/>
1857,<rps id="26"/><rp id="24"/><rpnsub id="26"/>
1858,<rps id="26"/><rp id="25"/><rpnrep id="26"/>
1859,<rps id="26"/><rpndel id="26"/>
1860,<rps id="26"/><rpndel id="26"/><rpnsub id="25"/>
1861,<rps id="26"/><rpnrep id="26"/>
1862,<rps id="26"/><rpnrep id="26"/><rpnsub id="21"/>
1863,<rps id="26"/><rpnsub id="26"/>
1864,<rps id="27"/>
1865,<rps id="27"/><rm id="28"/><rpnrep id="27"/>
1866,<rps id="27"/><rm id="28"/><rpnsub id="27"/>
1867,<rps id="27"/><rm id="29"/>
1868,<rps id="27"/><rm id="30"/>
1869,<rps id="27"/><rp id="15"/>
1870,<rps id="27"/><rp id="24"/>
1871,<rps id="27"/><rp id="25"/>
1872,<rps id="27"/><rpndel id="27"/>
1873,<rps id="27"/><rpndel id="27"/><rms id="28"/>
1874,<rps id="27"/><rpnrep id="27"/>
1875,<rps id="27"/><rpnsub id="27"/>
1876,<rps id="28"/>
1877,<rps id="28"/><rm id="29"/><rpnrep id="28"/>
1878,<rps id="28"/><rm id="29"/><rpnsub id="28"/>
1879,<rps id="28"/><rm id="30"/>
1880,<rps id="28"/><rp id="26"/>
1881,<rps id="28"/><rp id="27"/>
1882,<rps id="28"/><rpndel id="28"/>
1883,<rps id="28"/><rpnrep id="28"/>
1884,<rps id="28"/><rpnsub id="28"/>
1885,<rps id="29"/>
1886,<rps id="29"/><rpndel id="29"/>
1887,<rps id="29"/><rpnrep id="29"/>
1888,<rps id="29"/><rpnsub id="29"/>
1889,<rps id="3"/>
1890,<rps id="3"/><rm id="10"/>
1891,<rps id="3"/><rm id="12"/>
1892,<rps id="3"/><rm id="4"/><rm id="5"/><rm id="6"/><rpnrep id="3"/>
1893,<rps id="3"/><rm id="4"/><rm id="5"/><rm id="8"/><rpnrep id="3"/>
1894,<rps id="3"/><rm id="4"/><rm id="5"/><rpnrep id="3"/>
1895,<rps id="3"/><rm id="4"/><rm id="5"/><rpnsub id="3"/>
1896,<rps id="3"/><rm id="4"/><rm id="6"/><rm id="7"/><rpnrep id="3"/>
1897,<rps id="3"/><rm id="4"/><rm id="6"/><rm id="8"/><rpnsub id="3"/>
1898,<rps id="3"/><rm id="4"/><rm id="6"/><rpnsub id="3"/>
1899,<rps id="3"/><rm id="4"/><rm id="7"/><rm id="10"/><rpnrep id="3"/>
1900,<rps id="3"/><rm id="4"/><rm id="8"/><rpnrep id="3"/>
1901,<rps id="3"/><rm id="4"/><rp id="2"/><rm id="6"/><rpnrep id="3"/>
1902,<rps id="3"/><rm id="4"/><rp id="2"/><rpnrep id="3"/>
1903,<rps id="3"/><rm id="4"/><rpnrep id="3"/>
1904,<rps id="3"/><rm id="4"/><rpnsub id="3"/>
1905,<rps id="3"/><rm id="5"/>
1906,<rps id="3"/><rm id="5"/><rm id="6"/><rpnrep id="3"/>
1907,<rps id="3"/><rm id="5"/><rm id="6"/><rpnsub id="3"/>
1908,<rps id="3"/><rm id="5"/><rpnrep id="3"/>
1909,<rps id="3"/><rm id="5"/><rpnsub id="3"/>
1910,<rps id="3"/><rm id="6"/>
1911,<rps id="3"/><rm id="6"/><rpnrep id="3"/>
1912,<rps id="3"/><rm id="6"/><rpnsub id="3"/>
1913,<rps id="3"/><rm id="7"/>
1914,<rps id="3"/><rm id="7"/><rpnrep id="3"/>
1915,<rps id="3"/><rm id="7"/><rpnsub id="3"/>
1916,<rps id="3"/><rm id="8"/>
1917,<rps id="3"/><rm id="8"/><rm id="9"/>
1918,<rps id="3"/><rm id="9"/>
1919,<rps id="3"/><rm id="9"/><rpnsub id="3"/>
1920,<rps id="3"/><rms id="4"/>
1921,<rps id="3"/><rms id="4"/><rpnsub id="3"/>
1922,<rps id="3"/><rms id="5"/><rpnsub id="3"/>
1923,<rps id="3"/><rp id="1"/>
1924,<rps id="3"/><rp id="1"/><rpnrep id="3"/>
1925,<rps id="3"/><rp id="2"/>
1926,<rps id="3"/><rp id="2"/><rm id="6"/><rpnrep id="3"/>
1927,<rps id="3"/><rp id="2"/><rpnrep id="3"/>
1928,<rps id="3"/><rp id="2"/><rpnsub id="3"/>
1929,<rps id="3"/><rpndel id="3"/>
1930,<rps id="3"/><rpndel id="3"/><rm id="4"/>
1931,<rps id="3"/><rpndel id="3"/><rm id="6"/>
1932,<rps id="3"/><rpndel id="3"/><rms id="4"/>
1933,<rps id="3"/><rpndel id="3"/><rms id="5"/>
1934,<rps id="3"/><rpndel id="3"/><rp id="2"/>
1935,<rps id="3"/><rpndel id="3"/><rp id="2"/><rm id="5"/>
1936,<rps id="3"/><rpnrep id="3"/>
1937,<rps id="3"/><rpnrep id="3"/><rpnsub id="2"/>
1938,<rps id="3"/><rpnsub id="3"/>
1939,<rps id="30"/>
1940,<rps id="30"/><rm id="32"/>
1941,<rps id="30"/><rpnrep id="30"/>
1942,<rps id="30"/><rpnsub id="30"/>
1943,<rps id="31"/>
1944,<rps id="31"/><rm id="32"/><rp id="30"/><rpnrep id="31"/>
1945,<rps id="31"/><rm id="32"/><rpnrep id="31"/>
1946,<rps id="31"/><rm id="32"/><rpnsub id="31"/>
1947,<rps id="31"/><rms id="32"/>
1948,<rps id="31"/><rp id="26"/><rpnrep id="31"/>
1949,<rps id="31"/><rpndel id="31"/>
1950,<rps id="31"/><rpndel id="31"/><rms id="32"/>
1951,<rps id="31"/><rpndel id="31"/><rp id="21"/>
1952,<rps id="31"/><rpnrep id="31"/>
1953,<rps id="31"/><rpnsub id="31"/>
1954,<rps id="32"/>
1955,<rps id="32"/><rm id="33"/><rpnrep id="32"/>
1956,<rps id="32"/><rp id="30"/><rpnsub id="32"/>
1957,<rps id="32"/><rp id="31"/><rpnrep id="32"/>
1958,<rps id="32"/><rpndel id="32"/>
1959,<rps id="32"/><rpnrep id="32"/>
1960,<rps id="32"/><rpnsub id="29"/><rpnsub id="32"/>
1961,<rps id="32"/><rpnsub id="32"/>
1962,<rps id="33"/>
1963,<rps id="33"/><rm id="34"/><rpnrep id="33"/>
1964,<rps id="33"/><rm id="35"/>
1965,<rps id="33"/><rm id="36"/><rpnrep id="33"/>
1966,<rps id="33"/><rms id="34"/>
1967,<rps id="33"/><rpndel id="33"/>
1968,<rps id="33"/><rpndel id="33"/><rms id="38"/>
1969,<rps id="33"/><rpnrep id="33"/>
1970,<rps id="33"/><rpnsub id="33"/>
1971,<rps id="34"/>
1972,<rps id="34"/><rm id="36"/>
1973,<rps id="34"/><rpndel id="34"/>
1974,<rps id="34"/><rpnrep id="34"/>
1975,<rps id="34"/><rpnsub id="34"/>
1976,<rps id="35"/>
1977,<rps id="35"/><rpndel id="35"/>
1978,<rps id="35"/><rpnrep id="35"/>
1979,<rps id="36"/>
1980,<rps id="36"/><rm id="37"/><rpnsub id="36"/>
1981,<rps id="36"/><rp id="32"/>
1982,<rps id="36"/><rpndel id="36"/>
1983,<rps id="36"/><rpnrep id="36"/>
1984,<rps id="36"/><rpnsub id="36"/>
1985,<rps id="36"/><rpnsub id="36"/><rpnsub id="32"/>
1986,<rps id="37"/>
1987,<rps id="37"/><rpndel id="37"/>
1988,<rps id="37"/><rpnrep id="37"/>
1989,<rps id="38"/>
1990,<rps id="38"/><rm id="39"/><rpnrep id="38"/>
1991,<rps id="38"/><rpndel id="38"/>
1992,<rps id="38"/><rpnrep id="38"/>
1993,<rps id="38"/><rpnsub id="38"/>
1994,<rps id="39"/>
1995,<rps id="39"/><rm id="43"/><rpnrep id="39"/>
1996,<rps id="39"/><rpndel id="39"/>
1997,<rps id="39"/><rpnrep id="39"/>
1998,<rps id="39"/><rpnsub id="39"/>
1999,<rps id="4"/>
2000,<rps id="4"/><rm id="10"/>
2001,<rps id="4"/><rm id="10"/><rm id="17"/><rm id="19"/><rpnrep id="4"/>
2002,<rps id="4"/><rm id="10"/><rpnsub id="4"/>
2003,<rps id="4"/><rm id="11"/>
2004,<rps id="4"/><rm id="11"/><rpnrep id="4"/>
2005,<rps id="4"/><rm id="13"/>
2006,<rps id="4"/><rm id="5"/><rm id="6"/><rm id="7"/><rpnsub id="4"/>
2007,<rps id="4"/><rm id="5"/><rm id="6"/><rpnrep id="4"/>
2008,<rps id="4"/><rm id="5"/><rm id="6"/><rpnsub id="4"/>
2009,<rps id="4"/><rm id="5"/><rm id="8"/><rpnsub id="4"/>
2010,<rps id="4"/><rm id="5"/><rp id="3"/><rpnrep id="4"/>
2011,<rps id="4"/><rm id="5"/><rpnrep id="4"/>
2012,<rps id="4"/><rm id="5"/><rpnsub id="4"/>
2013,<rps id="4"/><rm id="6"/>
2014,<rps id="4"/><rm id="6"/><rm id="10"/>
2015,<rps id="4"/><rm id="6"/><rm id="7"/>
2016,<rps id="4"/><rm id="6"/><rm id="8"/>
2017,<rps id="4"/><rm id="6"/><rp id="3"/><rpnrep id="4"/>
2018,<rps id="4"/><rm id="6"/><rpnrep id="4"/>
2019,<rps id="4"/><rm id="6"/><rpnsub id="4"/>
2020,<rps id="4"/><rm id="7"/>
2021,<rps id="4"/><rm id="7"/><rm id="10"/><rpnsub id="4"/>
2022,<rps id="4"/><rm id="7"/><rpnrep id="4"/>
2023,<rps id="4"/><rm id="8"/>
2024,<rps id="4"/><rm id="8"/><rpnsub id="4"/>
2025,<rps id="4"/><rm id="9"/>
2026,<rps id="4"/><rm id="9"/><rm id="21"/>
2027,<rps id="4"/><rm id="9"/><rpnrep id="4"/>
2028,<rps id="4"/><rms id="5"/>
2029,<rps id="4"/><rms id="7"/><rp id="3"/>
2030,<rps id="4"/><rp id="1"/>
2031,<rps id="4"/><rp id="1"/><rpnrep id="4"/>
2032,<rps id="4"/><rp id="2"/>
2033,<rps id="4"/><rp id="2"/><rm id="6"/><rpnsub id="4"/>
2034,<rps id="4"/><rp id="2"/><rpnrep id="4"/>
2035,<rps id="4"/><rp id="2"/><rpnsub id="4"/>
2036,<rps id="4"/><rp id="3"/>
2037,<rps id="4"/><rp id="3"/><rm id="6"/><rpnrep id="4"/>
2038,<rps id="4"/><rp id="3"/><rm id="8"/><rpnrep id="4"/>
2039,<rps id="4"/><rp id="3"/><rpnrep id="4"/>
2040,<rps id="4"/><rpndel id="4"/>
2041,<rps id="4"/><rpndel id="4"/><rms id="5"/>
2042,<rps id="4"/><rpndel id="4"/><rms id="6"/>
2043,<rps id="4"/><rpndel id="4"/><rpnsub id="1"/>
2044,<rps id="4"/><rpndel id="4"/><rpnsub id="2"/>
2045,<rps id="4"/><rpnrep id="4"/>
2046,<rps id="4"/><rpnrep id="4"/><rpnsub id="1"/>
2047,<rps id="4"/><rpnrep id="4"/><rpnsub id="2"/>
2048,<rps id="4"/><rpnrep id="4"/><rpnsub id="3"/>
2049,<rps id="4"/><rpnsub id="4"/>
2050,<rps id="4"/><rpnsub id="4"/><rpnsub id="2"/>
2051,<rps id="4"/><rpnsub id="4"/><rpnsub id="3"/>
2052,<rps id="40"/>
2053,<rps id="40"/><rm id="41"/><rpnrep id="40"/>
2054,<rps id="40"/><rm id="42"/><rpnrep id="40"/>
2055,<rps id="40"/><rm id="49"/><rpnrep id="40"/>
2056,<rps id="40"/><rpndel id="40"/>
2057,<rps id="40"/><rpnrep id="40"/>
2058,<rps id="40"/><rpnsub id="40"/>
2059,<rps id="40"/><rpnsub id="40"/><rpnsub id="39"/>
2060,<rps id="41"/>
2061,<rps id="41"/><rpndel id="41"/>
2062,<rps id="41"/><rpndel id="41"/><rms id="42"/>
2063,<rps id="41"/><rpnrep id="41"/>
2064,<rps id="41"/><rpnsub id="41"/>
2065,<rps id="42"/>
2066,<rps id="42"/><rpndel id="42"/>
2067,<rps id="42"/><rpnrep id="42"/>
2068,<rps id="42"/><rpnrep id="42"/><rpnsub id="41"/>
2069,<rps id="42"/><rpnsub id="42"/>
2070,<rps id="43"/>
2071,<rps id="43"/><rp id="32"/>
2072,<rps id="43"/><rpnrep id="43"/>
2073,<rps id="44"/><rpnrep id="44"/>
2074,<rps id="44"/><rpnsub id="44"/>
2075,<rps id="45"/>
2076,<rps id="45"/><rm id="46"/><rpnrep id="45"/>
2077,<rps id="45"/><rp id="43"/>
2078,<rps id="45"/><rp id="44"/><rpnrep id="45"/>
2079,<rps id="45"/><rpnrep id="45"/>
2080,<rps id="45"/><rpnsub id="45"/>
2081,<rps id="46"/>
2082,<rps id="46"/><rpnrep id="46"/>
2083,<rps id="46"/><rpnsub id="46"/>
2084,<rps id="47"/>
2085,<rps id="47"/><rm id="48"/><rpnrep id="47"/>
2086,<rps id="48"/>
2087,<rps id="48"/><rm id="49"/><rpnrep id="48"/>
2088,<rps id="48"/><rm id="49"/><rpnsub id="48"/>
2089,<rps id="48"/><rpnrep id="48"/>
2090,<rps id="48"/><rpnsub id="48"/>
2091,<rps id="49"/>
2092,<rps id="49"/><rpnrep id="49"/>
2093,<rps id="49"/><rpnsub id="49"/>
2094,<rps id="5"/>
2095,<rps id="5"/><rm id="10"/>
2096,<rps id="5"/><rm id="10"/><rm id="11"/>
2097,<rps id="5"/><rm id="10"/><rm id="12"/><rpnrep id="5"/>
2098,<rps id="5"/><rm id="10"/><rpnrep id="5"/>
2099,<rps id="5"/><rm id="11"/>
2100,<rps id="5"/><rm id="11"/><rpnrep id="5"/>
2101,<rps id="5"/><rm id="17"/>
2102,<rps id="5"/><rm id="6"/><rm id="10"/><rpnsub id="5"/>
2103,<rps id="5"/><rm id="6"/><rm id="7"/><rm id="11"/><rpnrep id="5"/>
2104,<rps id="5"/><rm id="6"/><rm id="7"/><rpnrep id="5"/>
2105,<rps id="5"/><rm id="6"/><rm id="7"/><rpnsub id="5"/>
2106,<rps id="5"/><rm id="6"/><rm id="8"/><rpnsub id="5"/>
2107,<rps id="5"/><rm id="6"/><rm id="9"/><rpnsub id="5"/>
2108,<rps id="5"/><rm id="6"/><rp id="4"/><rpnrep id="5"/>
2109,<rps id="5"/><rm id="6"/><rp id="4"/><rpnsub id="5"/>
2110,<rps id="5"/><rm id="6"/><rpnrep id="5"/>
2111,<rps id="5"/><rm id="6"/><rpnsub id="5"/>
2112,<rps id="5"/><rm id="7"/>
2113,<rps id="5"/><rm id="7"/><rm id="9"/>
2114,<rps id="5"/><rm id="7"/><rp id="4"/><rpnrep id="5"/>
2115,<rps id="5"/><rm id="7"/><rpnrep id="5"/>
2116,<rps id="5"/><rm id="8"/>
2117,<rps id="5"/><rm id="8"/><rm id="9"/><rpnrep id="5"/>
2118,<rps id="5"/><rm id="8"/><rpnsub id="5"/>
2119,<rps id="5"/><rm id="9"/>
2120,<rps id="5"/><rm id="9"/><rpnrep id="5"/>
2121,<rps id="5"/><rms id="6"/>
2122,<rps id="5"/><rms id="6"/><rms id="7"/>
2123,<rps id="5"/><rms id="6"/><rpnsub id="5"/>
2124,<rps id="5"/><rms id="8"/><rpnrep id="5"/>
2125,<rps id="5"/><rp id="2"/>
2126,<rps id="5"/><rp id="3"/>
2127,<rps id="5"/><rp id="3"/><rpnrep id="5"/>
2128,<rps id="5"/><rp id="3"/><rpnsub id="5"/>
2129,<rps id="5"/><rp id="4"/>
2130,<rps id="5"/><rp id="4"/><rpnrep id="5"/>
2131,<rps id="5"/><rpndel id="5"/>
2132,<rps id="5"/><rpndel id="5"/><rms id="11"/>
2133,<rps id="5"/><rpndel id="5"/><rms id="6"/>
2134,<rps id="5"/><rpndel id="5"/><rp id="4"/>
2135,<rps id="5"/><rpndel id="5"/><rpnsub id="4"/>
2136,<rps id="5"/><rpnrep id="5"/>
2137,<rps id="5"/><rpnrep id="5"/><rpnsub id="1"/>
2138,<rps id="5"/><rpnrep id="5"/><rpnsub id="2"/>
2139,<rps id="5"/><rpnrep id="5"/><rpnsub id="3"/>
2140,<rps id="5"/><rpnrep id="5"/><rpnsub id="4"/>
2141,<rps id="5"/><rpnsub id="2"/><rpnrep id="5"/>
2142,<rps id="5"/><rpnsub id="4"/><rpnrep id="5"/>
2143,<rps id="5"/><rpnsub id="5"/>
2144,<rps id="50"/>
2145,<rps id="50"/><rpnsub id="50"/>
2146,<rps id="51"/><rm id="52"/><rpnsub id="51"/>
2147,<rps id="51"/><rpnrep id="51"/>
2148,<rps id="52"/>
2149,<rps id="52"/><rpnrep id="52"/>
2150,<rps id="52"/><rpnsub id="52"/>
2151,<rps id="54"/><rpnrep id="54"/>
2152,<rps id="55"/><rpndel id="55"/>
2153,<rps id="55"/><rpnrep id="55"/>
2154,<rps id="56"/><rpndel id="56"/>
2155,<rps id="56"/><rpnrep id="56"/>
2156,<rps id="59"/><rpnrep id="59"/>
2157,<rps id="6"/>
2158,<rps id="6"/><rm id="10"/>
2159,<rps id="6"/><rm id="10"/><rpnrep id="6"/>
2160,<rps id="6"/><rm id="10"/><rpnsub id="6"/>
2161,<rps id="6"/><rm id="11"/><rpnrep id="6"/>
2162,<rps id="6"/><rm id="12"/><rpnrep id="6"/>
2163,<rps id="6"/><rm id="14"/>
2164,<rps id="6"/><rm id="16"/>
2165,<rps id="6"/><rm id="7"/><rm id="10"/><rpnsub id="6"/>
2166,<rps id="6"/><rm id="7"/><rm id="11"/><rpnsub id="6"/>
2167,<rps id="6"/><rm id="7"/><rm id="8"/><rpnrep id="6"/>
2168,<rps id="6"/><rm id="7"/><rm id="8"/><rpnsub id="6"/>
2169,<rps id="6"/><rm id="7"/><rm id="9"/><rpnrep id="6"/>
2170,<rps id="6"/><rm id="7"/><rp id="5"/><rpnrep id="6"/>
2171,<rps id="6"/><rm id="7"/><rpnrep id="6"/>
2172,<rps id="6"/><rm id="7"/><rpnsub id="6"/>
2173,<rps id="6"/><rm id="8"/>
2174,<rps id="6"/><rm id="8"/><rm id="10"/>
2175,<rps id="6"/><rm id="8"/><rm id="10"/><rpnrep id="6"/>
2176,<rps id="6"/><rm id="8"/><rm id="10"/><rpnsub id="6"/>
2177,<rps id="6"/><rm id="8"/><rp id="1"/>
2178,<rps id="6"/><rm id="8"/><rp id="3"/><rpnsub id="6"/>
2179,<rps id="6"/><rm id="8"/><rp id="5"/><rpnrep id="6"/>
2180,<rps id="6"/><rm id="8"/><rpnrep id="6"/>
2181,<rps id="6"/><rm id="8"/><rpnrep id="6"/><rpnsub id="3"/>
2182,<rps id="6"/><rm id="9"/>
2183,<rps id="6"/><rm id="9"/><rpnrep id="6"/>
2184,<rps id="6"/><rm id="9"/><rpnsub id="6"/>
2185,<rps id="6"/><rms id="10"/><rms id="11"/>
2186,<rps id="6"/><rms id="7"/>
2187,<rps id="6"/><rms id="8"/>
2188,<rps id="6"/><rp id="1"/><rm id="10"/><rpnrep id="6"/>
2189,<rps id="6"/><rp id="2"/>
2190,<rps id="6"/><rp id="3"/>
2191,<rps id="6"/><rp id="3"/><rpnsub id="6"/>
2192,<rps id="6"/><rp id="4"/>
2193,<rps id="6"/><rp id="4"/><rpnrep id="6"/>
2194,<rps id="6"/><rp id="4"/><rpnsub id="6"/>
2195,<rps id="6"/><rp id="5"/><rpnrep id="6"/>
2196,<rps id="6"/><rpndel id="6"/>
2197,<rps id="6"/><rpndel id="6"/><rms id="7"/>
2198,<rps id="6"/><rpndel id="6"/><rms id="8"/>
2199,<rps id="6"/><rpndel id="6"/><rp id="5"/>
2200,<rps id="6"/><rpndel id="6"/><rpnsub id="4"/>
2201,<rps id="6"/><rpndel id="6"/><rpnsub id="5"/>
2202,<rps id="6"/><rpnrep id="6"/>
2203,<rps id="6"/><rpnrep id="6"/><rpnsub id="3"/>
2204,<rps id="6"/><rpnrep id="6"/><rpnsub id="4"/>
2205,<rps id="6"/><rpnrep id="6"/><rpnsub id="5"/>
2206,<rps id="6"/><rpnsub id="5"/><rpnrep id="6"/>
2207,<rps id="6"/><rpnsub id="6"/>
2208,<rps id="61"/><rpnrep id="61"/>
2209,<rps id="62"/><rpnrep id="62"/>
2210,<rps id="7"/>
2211,<rps id="7"/><rm id="10"/>
2212,<rps id="7"/><rm id="10"/><rm id="12"/><rpnrep id="7"/>
2213,<rps id="7"/><rm id="10"/><rpnrep id="7"/>
2214,<rps id="7"/><rm id="10"/><rpnsub id="7"/>
2215,<rps id="7"/><rm id="10"/><rpnsub id="7"/><rpnsub id="4"/>
2216,<rps id="7"/><rm id="11"/>
2217,<rps id="7"/><rm id="11"/><rm id="13"/><rpnrep id="7"/>
2218,<rps id="7"/><rm id="11"/><rpnsub id="7"/>
2219,<rps id="7"/><rm id="12"/>
2220,<rps id="7"/><rm id="13"/><rpnsub id="7"/>
2221,<rps id="7"/><rm id="18"/>
2222,<rps id="7"/><rm id="8"/><rm id="10"/><rpnrep id="7"/>
2223,<rps id="7"/><rm id="8"/><rm id="9"/><rpnrep id="7"/>
2224,<rps id="7"/><rm id="8"/><rp id="6"/><rpnsub id="7"/>
2225,<rps id="7"/><rm id="8"/><rpnrep id="7"/>
2226,<rps id="7"/><rm id="8"/><rpnsub id="7"/>
2227,<rps id="7"/><rm id="9"/>
2228,<rps id="7"/><rm id="9"/><rp id="4"/>
2229,<rps id="7"/><rm id="9"/><rpnrep id="7"/>
2230,<rps id="7"/><rms id="8"/><rpnsub id="7"/>
2231,<rps id="7"/><rp id="1"/><rpnrep id="7"/>
2232,<rps id="7"/><rp id="4"/>
2233,<rps id="7"/><rp id="4"/><rpnrep id="7"/>
2234,<rps id="7"/><rp id="5"/>
2235,<rps id="7"/><rp id="5"/><rpnsub id="7"/>
2236,<rps id="7"/><rp id="6"/>
2237,<rps id="7"/><rp id="6"/><rpnrep id="7"/>
2238,<rps id="7"/><rp id="6"/><rpnsub id="7"/>
2239,<rps id="7"/><rpndel id="7"/>
2240,<rps id="7"/><rpndel id="7"/><rms id="8"/>
2241,<rps id="7"/><rpndel id="7"/><rms id="8"/><rms id="9"/><rms id="10"/>
2242,<rps id="7"/><rpndel id="7"/><rms id="9"/>
2243,<rps id="7"/><rpndel id="7"/><rpnsub id="4"/>
2244,<rps id="7"/><rpndel id="7"/><rpnsub id="5"/>
2245,<rps id="7"/><rpndel id="7"/><rpnsub id="6"/>
2246,<rps id="7"/><rpnrep id="7"/>
2247,<rps id="7"/><rpnrep id="7"/><rpnsub id="4"/>
2248,<rps id="7"/><rpnrep id="7"/><rpnsub id="5"/>
2249,<rps id="7"/><rpnrep id="7"/><rpnsub id="6"/>
2250,<rps id="7"/><rpnsub id="3"/><rpnrep id="7"/>
2251,<rps id="7"/><rpnsub id="7"/>
2252,<rps id="70"/><rpndel id="70"/>
2253,<rps id="70"/><rpnsub id="70"/>
2254,<rps id="77"/>
2255,<rps id="8"/>
2256,<rps id="8"/><rm id="10"/>
2257,<rps id="8"/><rm id="10"/><rpnrep id="8"/>
2258,<rps id="8"/><rm id="10"/><rpnsub id="8"/>
2259,<rps id="8"/><rm id="11"/>
2260,<rps id="8"/><rm id="11"/><rpnrep id="8"/>
2261,<rps id="8"/><rm id="12"/>
2262,<rps id="8"/><rm id="12"/><rpnrep id="8"/>
2263,<rps id="8"/><rm id="13"/>
2264,<rps id="8"/><rm id="14"/>
2265,<rps id="8"/><rm id="9"/><rm id="10"/><rpnrep id="8"/>
2266,<rps id="8"/><rm id="9"/><rp id="2"/><rpnrep id="8"/>
2267,<rps id="8"/><rm id="9"/><rp id="7"/><rpnrep id="8"/>
2268,<rps id="8"/><rm id="9"/><rpnrep id="8"/>
2269,<rps id="8"/><rm id="9"/><rpnsub id="8"/>
2270,<rps id="8"/><rp id="1"/>
2271,<rps id="8"/><rp id="3"/>
2272,<rps id="8"/><rp id="3"/><rpnrep id="8"/>
2273,<rps id="8"/><rp id="3"/><rpnsub id="8"/>
2274,<rps id="8"/><rp id="5"/>
2275,<rps id="8"/><rp id="5"/><rpnsub id="8"/>
2276,<rps id="8"/><rp id="6"/><rpnrep id="8"/>
2277,<rps id="8"/><rp id="6"/><rpnsub id="8"/>
2278,<rps id="8"/><rp id="7"/><rpnrep id="8"/>
2279,<rps id="8"/><rp id="7"/><rpnsub id="8"/>
2280,<rps id="8"/><rpndel id="8"/>
2281,<rps id="8"/><rpndel id="8"/><rms id="11"/>
2282,<rps id="8"/><rpndel id="8"/><rms id="9"/>
2283,<rps id="8"/><rpndel id="8"/><rms id="9"/><rms id="11"/>
2284,<rps id="8"/><rpndel id="8"/><rp id="3"/>
2285,<rps id="8"/><rpndel id="8"/><rpnsub id="7"/>
2286,<rps id="8"/><rpnrep id="8"/>
2287,<rps id="8"/><rpnrep id="8"/><rpnsub id="3"/>
2288,<rps id="8"/><rpnrep id="8"/><rpnsub id="4"/>
2289,<rps id="8"/><rpnrep id="8"/><rpnsub id="5"/>
2290,<rps id="8"/><rpnrep id="8"/><rpnsub id="6"/>
2291,<rps id="8"/><rpnsub id="8"/>
2292,<rps id="8"/><rpnsub id="8"/><rpnsub id="5"/>
2293,<rps id="84"/><rpnrep id="84"/>
2294,<rps id="9"/>
2295,<rps id="9"/><rm id="10"/><rm id="11"/><rpnrep id="9"/>
2296,<rps id="9"/><rm id="10"/><rm id="16"/><rpnrep id="9"/>
2297,<rps id="9"/><rm id="10"/><rpnrep id="9"/>
2298,<rps id="9"/><rm id="10"/><rpnsub id="9"/>
2299,<rps id="9"/><rm id="11"/>
2300,<rps id="9"/><rm id="11"/><rm id="14"/>
2301,<rps id="9"/><rm id="11"/><rpnrep id="9"/>
2302,<rps id="9"/><rm id="12"/>
2303,<rps id="9"/><rm id="13"/>
2304,<rps id="9"/><rm id="13"/><rm id="18"/>
2305,<rps id="9"/><rm id="13"/><rpnrep id="9"/>
2306,<rps id="9"/><rm id="14"/><rpnrep id="9"/>
2307,<rps id="9"/><rm id="15"/>
2308,<rps id="9"/><rm id="19"/>
2309,<rps id="9"/><rm id="21"/>
2310,<rps id="9"/><rms id="12"/><rpnsub id="9"/>
2311,<rps id="9"/><rp id="3"/><rpnrep id="9"/>
2312,<rps id="9"/><rp id="4"/>
2313,<rps id="9"/><rp id="5"/>
2314,<rps id="9"/><rp id="6"/>
2315,<rps id="9"/><rp id="6"/><rpnrep id="9"/>
2316,<rps id="9"/><rp id="6"/><rpnsub id="9"/>
2317,<rps id="9"/><rp id="7"/>
2318,<rps id="9"/><rp id="7"/><rpnsub id="9"/>
2319,<rps id="9"/><rp id="8"/><rpnrep id="9"/>
2320,<rps id="9"/><rpndel id="9"/>
2321,<rps id="9"/><rpndel id="9"/><rm id="11"/>
2322,<rps id="9"/><rpndel id="9"/><rms id="10"/>
2323,<rps id="9"/><rpndel id="9"/><rms id="12"/>
2324,<rps id="9"/><rpndel id="9"/><rms id="15"/>
2325,<rps id="9"/><rpndel id="9"/><rms id="16"/>
2326,<rps id="9"/><rpndel id="9"/><rp id="7"/>
2327,<rps id="9"/><rpnrep id="9"/>
2328,<rps id="9"/><rpnrep id="9"/><rpnsub id="6"/>
2329,<rps id="9"/><rpnrep id="9"/><rpnsub id="7"/>
2330,<rps id="9"/><rpnsub id="2"/><rpnsub id="9"/>
2331,<rps id="9"/><rpnsub id="5"/>
2332,<rps id="9"/><rpnsub id="9"/>
2333,<rps id="9"/><rpnsub id="9"/><rpnsub id="2"/>